Trade #,Type,Date and time,Signal,Price AUD,Position size (qty),Position size (value),Net P&L USD,Net P&L %,Favorable excursion USD,Favorable excursion %,Adverse excursion USD,Adverse excursion %,Cumulative P&L USD,Cumulative P&L %
1,Exit long,2023-07-24 14:00:00,Close entry(s) order Long,1.6464,1000,1647,-0.6,-0.05,0,0.00,-0.5,-0.05,-0.6,-0.06
1,Entry long,2023-07-24 14:00:00,Long,1.647,1000,1647,-0.6,-0.05,0,0.00,-0.5,-0.05,-0.6,-0.06
2,Exit short,2023-07-26 00:00:00,Close entry(s) order Short,1.6284,1000,1630.8,1.43,0.13,2.33,0.21,-0.1,-0.01,0.83,0.08
2,Entry short,2023-07-25 14:00:00,Short,1.6308,1000,1630.8,1.43,0.13,2.33,0.21,-0.1,-0.01,0.83,0.08
3,Exit short,2023-07-26 18:00:00,Close entry(s) order Short,1.6398,1000,1639.8,-0.2,-0.02,0,0.00,-0.51,-0.05,0.63,0.06
3,Entry short,2023-07-26 17:00:00,Short,1.6398,1000,1639.8,-0.2,-0.02,0,0.00,-0.51,-0.05,0.63,0.06
4,Exit short,2023-07-27 14:00:00,Close entry(s) order Short,1.632,1000,1631.4,-0.6,-0.05,0,0.00,-0.5,-0.05,0.02,0.00
4,Entry short,2023-07-27 14:00:00,Short,1.6314,1000,1631.4,-0.6,-0.05,0,0.00,-0.5,-0.05,0.02,0.00
5,Exit long,2023-07-30 23:00:00,Close entry(s) order Long,1.656,1000,1653,1.8,0.16,2.75,0.25,-0.1,-0.01,1.82,0.18
5,Entry long,2023-07-28 13:00:00,Long,1.653,1000,1653,1.8,0.16,2.75,0.25,-0.1,-0.01,1.82,0.18
6,Exit short,2023-08-01 01:00:00,Close entry(s) order Short,1.6374,1000,1642.8,3.43,0.31,4.29,0.39,-0.1,-0.01,5.25,0.52
6,Entry short,2023-07-31 14:00:00,Short,1.6428,1000,1642.8,3.43,0.31,4.29,0.39,-0.1,-0.01,5.25,0.52
7,Exit long,2023-08-02 01:00:00,Close entry(s) order Long,1.6626,1000,1659,2.18,0.20,3.07,0.28,-0.1,-0.01,7.43,0.74
7,Entry long,2023-08-01 15:00:00,Long,1.659,1000,1659,2.18,0.20,3.07,0.28,-0.1,-0.01,7.43,0.74
8,Exit long,2023-08-03 02:00:00,Close entry(s) order Long,1.6734,1000,1671,1.37,0.13,1.86,0.17,-0.1,-0.01,8.8,0.88
8,Entry long,2023-08-02 15:00:00,Long,1.671,1000,1671,1.37,0.13,1.86,0.17,-0.1,-0.01,8.8,0.88
9,Exit long,2023-08-06 22:00:00,Close entry(s) order Long,1.6752,1000,1674.6,0.2,0.02,1.08,0.10,-0.1,-0.01,9,0.90
9,Entry long,2023-08-04 19:00:00,Long,1.6746,1000,1674.6,0.2,0.02,1.08,0.10,-0.1,-0.01,9,0.90
10,Exit long,2023-08-07 20:00:00,Close entry(s) order Long,1.6746,1000,1675.2,-0.59,-0.05,0,0.00,-0.49,-0.04,8.41,0.84
10,Entry long,2023-08-07 17:00:00,Long,1.6752,1000,1675.2,-0.59,-0.05,0,0.00,-0.49,-0.04,8.41,0.84
11,Exit long,2023-08-10 18:00:00,Close entry(s) order Long,1.6818,1000,1681.8,-0.2,-0.02,0.68,0.06,-0.1,-0.01,8.21,0.82
11,Entry long,2023-08-10 17:00:00,Long,1.6818,1000,1681.8,-0.2,-0.02,0.68,0.06,-0.1,-0.01,8.21,0.82
12,Exit long,2023-08-16 06:00:00,Close entry(s) order Long,1.6914,1000,1689,1.35,0.12,2.56,0.23,-0.1,-0.01,9.56,0.96
12,Entry long,2023-08-16 00:00:00,Long,1.689,1000,1689,1.35,0.12,2.56,0.23,-0.1,-0.01,9.56,0.96
13,Exit long,2023-08-16 18:00:00,Close entry(s) order Long,1.6926,1000,1692.6,-0.2,-0.02,0,0.00,-0.49,-0.04,9.36,0.94
13,Entry long,2023-08-16 17:00:00,Long,1.6926,1000,1692.6,-0.2,-0.02,0,0.00,-0.49,-0.04,9.36,0.94
14,Exit long,2023-08-17 16:00:00,Close entry(s) order Long,1.695,1000,1695.6,-0.58,-0.05,0,0.00,-0.48,-0.04,8.78,0.88
14,Entry long,2023-08-17 16:00:00,Long,1.6956,1000,1695.6,-0.58,-0.05,0,0.00,-0.48,-0.04,8.78,0.88
15,Exit short,2023-08-18 18:00:00,Close entry(s) order Short,1.6968,1000,1696.8,-0.2,-0.02,0.67,0.06,-0.1,-0.01,8.59,0.86
15,Entry short,2023-08-18 15:00:00,Short,1.6968,1000,1696.8,-0.2,-0.02,0.67,0.06,-0.1,-0.01,8.59,0.86
16,Exit short,2023-08-24 00:00:00,Close entry(s) order Short,1.6776,1000,1680.6,1.75,0.16,2.6,0.24,-0.1,-0.01,10.34,1.03
16,Entry short,2023-08-23 13:00:00,Short,1.6806,1000,1680.6,1.75,0.16,2.6,0.24,-0.1,-0.01,10.34,1.03
17,Exit long,2023-08-25 17:00:00,Close entry(s) order Long,1.6854,1000,1685.4,-0.19,-0.02,0.67,0.06,-0.1,-0.01,10.14,1.01
17,Entry long,2023-08-25 14:00:00,Long,1.6854,1000,1685.4,-0.19,-0.02,0.67,0.06,-0.1,-0.01,10.14,1.01
18,Exit short,2023-08-28 17:00:00,Close entry(s) order Short,1.6824,1000,1681.8,-0.58,-0.05,0,0.00,-0.48,-0.04,9.56,0.96
18,Entry short,2023-08-28 17:00:00,Short,1.6818,1000,1681.8,-0.58,-0.05,0,0.00,-0.48,-0.04,9.56,0.96
19,Exit short,2023-08-29 18:00:00,Close entry(s) order Short,1.6806,1000,1681.2,0.19,0.02,0.67,0.06,-0.1,-0.01,9.76,0.98
19,Entry short,2023-08-29 15:00:00,Short,1.6812,1000,1681.2,0.19,0.02,0.67,0.06,-0.1,-0.01,9.76,0.98
20,Exit long,2023-08-31 01:00:00,Close entry(s) order Long,1.686,1000,1684.8,0.58,0.05,1.51,0.14,-0.1,-0.01,10.34,1.03
20,Entry long,2023-08-30 17:00:00,Long,1.6848,1000,1684.8,0.58,0.05,1.51,0.14,-0.1,-0.01,10.34,1.03
21,Exit short,2023-09-01 00:00:00,Close entry(s) order Short,1.6728,1000,1672.2,-0.58,-0.05,0.29,0.03,-0.49,-0.04,9.75,0.98
21,Entry short,2023-08-31 23:00:00,Short,1.6722,1000,1672.2,-0.58,-0.05,0.29,0.03,-0.49,-0.04,9.75,0.98
22,Exit short,2023-09-04 07:00:00,Close entry(s) order Short,1.6674,1000,1671,2.13,0.20,3,0.28,-0.1,-0.01,11.88,1.19
22,Entry short,2023-09-03 22:00:00,Short,1.671,1000,1671,2.13,0.20,3,0.28,-0.1,-0.01,11.88,1.19
23,Exit short,2023-09-14 23:00:00,Close entry(s) order Short,1.653,1000,1657.2,2.51,0.24,3.37,0.32,-0.1,-0.01,14.39,1.44
23,Entry short,2023-09-14 13:00:00,Short,1.6572,1000,1657.2,2.51,0.24,3.37,0.32,-0.1,-0.01,14.39,1.44
24,Exit short,2023-09-19 16:00:00,Close entry(s) order Short,1.6542,1000,1653.6,-0.58,-0.05,0,0.00,-0.48,-0.05,13.82,1.38
24,Entry short,2023-09-19 15:00:00,Short,1.6536,1000,1653.6,-0.58,-0.05,0,0.00,-0.48,-0.05,13.82,1.38
25,Exit long,2023-09-22 01:00:00,Close entry(s) order Long,1.662,1000,1662.6,-0.58,-0.05,0,0.00,-0.48,-0.05,13.24,1.32
25,Entry long,2023-09-22 01:00:00,Long,1.6626,1000,1662.6,-0.58,-0.05,0,0.00,-0.48,-0.05,13.24,1.32
26,Exit short,2023-09-25 14:00:00,Close entry(s) order Short,1.6506,1000,1651.2,0.2,0.02,1.06,0.10,-0.1,-0.01,13.43,1.34
26,Entry short,2023-09-25 13:00:00,Short,1.6512,1000,1651.2,0.2,0.02,1.06,0.10,-0.1,-0.01,13.43,1.34
27,Exit short,2023-09-27 15:00:00,Close entry(s) order Short,1.6494,1000,1648.8,-0.57,-0.05,0.29,0.03,-0.48,-0.05,12.86,1.29
27,Entry short,2023-09-27 14:00:00,Short,1.6488,1000,1648.8,-0.57,-0.05,0.29,0.03,-0.48,-0.05,12.86,1.29
28,Exit short,2023-09-29 14:00:00,Close entry(s) order Short,1.6338,1000,1645.2,7.14,0.68,8,0.76,-0.09,-0.01,20,2.00
28,Entry short,2023-09-28 16:00:00,Short,1.6452,1000,1645.2,7.14,0.68,8,0.76,-0.09,-0.01,20,2.00
29,Exit long,2023-10-04 15:00:00,Close entry(s) order Long,1.6614,1000,1662,-0.57,-0.05,0.28,0.03,-0.47,-0.05,19.43,1.94
29,Entry long,2023-10-04 14:00:00,Long,1.662,1000,1662,-0.57,-0.05,0.28,0.03,-0.47,-0.05,19.43,1.94
30,Exit short,2023-10-08 21:00:00,Close entry(s) order Short,1.6578,1000,1657.8,-0.19,-0.02,0.67,0.06,-0.1,-0.01,19.24,1.92
30,Entry short,2023-10-06 18:00:00,Short,1.6578,1000,1657.8,-0.19,-0.02,0.67,0.06,-0.1,-0.01,19.24,1.92
31,Exit short,2023-10-10 02:00:00,Close entry(s) order Short,1.647,1000,1653.6,4.04,0.38,4.91,0.46,-0.1,-0.01,23.28,2.33
31,Entry short,2023-10-09 15:00:00,Short,1.6536,1000,1653.6,4.04,0.38,4.91,0.46,-0.1,-0.01,23.28,2.33
32,Exit short,2023-10-11 02:00:00,Close entry(s) order Short,1.6494,1000,1651.2,0.97,0.09,1.83,0.17,-0.1,-0.01,24.25,2.43
32,Entry short,2023-10-10 18:00:00,Short,1.6512,1000,1651.2,0.97,0.09,1.83,0.17,-0.1,-0.01,24.25,2.43
33,Exit long,2023-10-13 01:00:00,Close entry(s) order Long,1.6674,1000,1661.4,3.6,0.34,4.52,0.42,-0.1,-0.01,27.85,2.78
33,Entry long,2023-10-12 14:00:00,Long,1.6614,1000,1661.4,3.6,0.34,4.52,0.42,-0.1,-0.01,27.85,2.78
34,Exit long,2023-10-20 05:00:00,Close entry(s) order Long,1.674,1000,1673.4,0.19,0.02,0.66,0.06,-0.1,-0.01,28.04,2.80
34,Entry long,2023-10-20 00:00:00,Long,1.6734,1000,1673.4,0.19,0.02,0.66,0.06,-0.1,-0.01,28.04,2.80
35,Exit long,2023-10-24 02:00:00,Close entry(s) order Long,1.683,1000,1682.4,0.19,0.02,1.1,0.10,-0.1,-0.01,28.23,2.82
35,Entry long,2023-10-23 19:00:00,Long,1.6824,1000,1682.4,0.19,0.02,1.1,0.10,-0.1,-0.01,28.23,2.82
36,Exit short,2023-10-24 17:00:00,Close entry(s) order Short,1.668,1000,1668,-0.19,-0.02,0,0.00,-0.48,-0.04,28.04,2.80
36,Entry short,2023-10-24 15:00:00,Short,1.668,1000,1668,-0.19,-0.02,0,0.00,-0.48,-0.04,28.04,2.80
37,Exit long,2023-10-26 01:00:00,Close entry(s) order Long,1.68,1000,1671.6,5.11,0.48,5.96,0.57,-0.1,-0.01,33.14,3.31
37,Entry long,2023-10-25 16:00:00,Long,1.6716,1000,1671.6,5.11,0.48,5.96,0.57,-0.1,-0.01,33.14,3.31
38,Exit short,2023-10-26 16:00:00,Close entry(s) order Short,1.6692,1000,1668.6,-0.57,-0.05,0.28,0.03,-0.47,-0.04,32.58,3.26
38,Entry short,2023-10-26 14:00:00,Short,1.6686,1000,1668.6,-0.57,-0.05,0.28,0.03,-0.47,-0.04,32.58,3.26
39,Exit short,2023-11-01 15:00:00,Close entry(s) order Short,1.6548,1000,1656.6,0.95,0.09,1.81,0.17,-0.09,-0.01,33.53,3.35
39,Entry short,2023-11-01 14:00:00,Short,1.6566,1000,1656.6,0.95,0.09,1.81,0.17,-0.09,-0.01,33.53,3.35
40,Exit short,2023-11-03 06:00:00,Close entry(s) order Short,1.6518,1000,1651.8,-0.19,-0.02,0.63,0.06,-0.48,-0.05,33.34,3.33
40,Entry short,2023-11-02 20:00:00,Short,1.6518,1000,1651.8,-0.19,-0.02,0.63,0.06,-0.48,-0.05,33.34,3.33
41,Exit long,2023-11-07 01:00:00,Close entry(s) order Long,1.6524,1000,1652.4,-0.19,-0.02,0,0.00,-0.49,-0.05,33.14,3.31
41,Entry long,2023-11-06 21:00:00,Long,1.6524,1000,1652.4,-0.19,-0.02,0,0.00,-0.49,-0.05,33.14,3.31
42,Exit long,2023-11-09 01:00:00,Close entry(s) order Long,1.671,1000,1662,5.57,0.52,6.79,0.64,-0.1,-0.01,38.71,3.87
42,Entry long,2023-11-08 14:00:00,Long,1.662,1000,1662,5.57,0.52,6.79,0.64,-0.1,-0.01,38.71,3.87
43,Exit long,2023-11-10 06:00:00,Close entry(s) order Long,1.6776,1000,1671.6,3.63,0.34,4.49,0.42,-0.1,-0.01,42.34,4.23
43,Entry long,2023-11-09 19:00:00,Long,1.6716,1000,1671.6,3.63,0.34,4.49,0.42,-0.1,-0.01,42.34,4.23
44,Exit short,2023-11-15 22:00:00,Close entry(s) order Short,1.6662,1000,1665.6,-0.59,-0.05,0.29,0.03,-0.49,-0.05,41.76,4.18
44,Entry short,2023-11-15 15:00:00,Short,1.6656,1000,1665.6,-0.59,-0.05,0.29,0.03,-0.49,-0.05,41.76,4.18
45,Exit long,2023-11-16 18:00:00,Close entry(s) order Long,1.6776,1000,1675.8,0.98,0.09,1.85,0.17,-0.1,-0.01,42.73,4.27
45,Entry long,2023-11-16 15:00:00,Long,1.6758,1000,1675.8,0.98,0.09,1.85,0.17,-0.1,-0.01,42.73,4.27
46,Exit long,2023-11-20 01:00:00,Close entry(s) order Long,1.674,1000,1674.6,-0.59,-0.05,0.53,0.05,-0.49,-0.04,42.14,4.21
46,Entry long,2023-11-17 16:00:00,Long,1.6746,1000,1674.6,-0.59,-0.05,0.53,0.05,-0.49,-0.04,42.14,4.21
47,Exit short,2023-11-21 15:00:00,Close entry(s) order Short,1.665,1000,1664.4,-0.59,-0.05,0.3,0.03,-0.49,-0.05,41.55,4.16
47,Entry short,2023-11-21 14:00:00,Short,1.6644,1000,1664.4,-0.59,-0.05,0.3,0.03,-0.49,-0.05,41.55,4.16
48,Exit short,2023-11-27 23:00:00,Close entry(s) order Short,1.6578,1000,1657.8,-0.2,-0.02,0.45,0.04,-0.49,-0.05,41.36,4.14
48,Entry short,2023-11-27 20:00:00,Short,1.6578,1000,1657.8,-0.2,-0.02,0.45,0.04,-0.49,-0.05,41.36,4.14
49,Exit long,2023-11-30 15:00:00,Close entry(s) order Long,1.6548,1000,1655.4,-0.59,-0.05,0.3,0.03,-0.5,-0.05,40.76,4.08
49,Entry long,2023-11-30 13:00:00,Long,1.6554,1000,1655.4,-0.59,-0.05,0.3,0.03,-0.5,-0.05,40.76,4.08
50,Exit short,2023-12-03 23:00:00,Close entry(s) order Short,1.6308,1000,1642.8,7.81,0.71,8.23,0.76,-0.1,-0.01,48.58,4.86
50,Entry short,2023-12-01 14:00:00,Short,1.6428,1000,1642.8,7.81,0.71,8.23,0.76,-0.1,-0.01,48.58,4.86
51,Exit long,2023-12-05 15:00:00,Close entry(s) order Long,1.6494,1000,1649.4,-0.2,-0.02,0.7,0.06,-0.1,-0.01,48.38,4.84
51,Entry long,2023-12-05 13:00:00,Long,1.6494,1000,1649.4,-0.2,-0.02,0.7,0.06,-0.1,-0.01,48.38,4.84
52,Exit long,2023-12-07 06:00:00,Close entry(s) order Long,1.647,1000,1643.4,2.16,0.20,3.14,0.29,-0.18,-0.02,50.55,5.05
52,Entry long,2023-12-06 22:00:00,Long,1.6434,1000,1643.4,2.16,0.20,3.14,0.29,-0.18,-0.02,50.55,5.05
53,Exit short,2023-12-11 22:00:00,Close entry(s) order Short,1.6386,1000,1638.6,-0.19,-0.02,0.69,0.06,-0.1,-0.01,50.35,5.04
53,Entry short,2023-12-11 15:00:00,Short,1.6386,1000,1638.6,-0.19,-0.02,0.69,0.06,-0.1,-0.01,50.35,5.04
54,Exit long,2023-12-12 23:00:00,Close entry(s) order Long,1.6458,1000,1641.6,2.56,0.24,3.45,0.32,-0.1,-0.01,52.91,5.29
54,Entry long,2023-12-12 13:00:00,Long,1.6416,1000,1641.6,2.56,0.24,3.45,0.32,-0.1,-0.01,52.91,5.29
55,Exit short,2023-12-13 22:00:00,Close entry(s) order Short,1.6326,1000,1637.4,3,0.28,3.84,0.36,-0.1,-0.01,55.91,5.59
55,Entry short,2023-12-13 19:00:00,Short,1.6374,1000,1637.4,3,0.28,3.84,0.36,-0.1,-0.01,55.91,5.59
56,Exit long,2023-12-15 14:00:00,Close entry(s) order Long,1.635,1000,1634.4,0.2,0.02,1.11,0.10,-0.1,-0.01,56.12,5.61
56,Entry long,2023-12-15 13:00:00,Long,1.6344,1000,1634.4,0.2,0.02,1.11,0.10,-0.1,-0.01,56.12,5.61
57,Exit long,2023-12-19 00:00:00,Close entry(s) order Long,1.629,1000,1627.8,0.61,0.06,1.82,0.17,-0.1,-0.01,56.73,5.67
57,Entry long,2023-12-18 15:00:00,Long,1.6278,1000,1627.8,0.61,0.06,1.82,0.17,-0.1,-0.01,56.73,5.67
58,Exit short,2023-12-19 16:00:00,Close entry(s) order Short,1.6236,1000,1623.6,-0.2,-0.02,0.3,0.03,-0.5,-0.05,56.53,5.65
58,Entry short,2023-12-19 14:00:00,Short,1.6236,1000,1623.6,-0.2,-0.02,0.3,0.03,-0.5,-0.05,56.53,5.65
59,Exit long,2023-12-21 00:00:00,Close entry(s) order Long,1.6242,1000,1624.8,-0.6,-0.05,0.55,0.05,-0.5,-0.05,55.93,5.59
59,Entry long,2023-12-20 23:00:00,Long,1.6248,1000,1624.8,-0.6,-0.05,0.55,0.05,-0.5,-0.05,55.93,5.59
60,Exit short,2023-12-26 03:00:00,Close entry(s) order Short,1.6188,1000,1618.8,-0.2,-0.02,0.31,0.03,-0.51,-0.05,55.73,5.57
60,Entry short,2023-12-22 16:00:00,Short,1.6188,1000,1618.8,-0.2,-0.02,0.31,0.03,-0.51,-0.05,55.73,5.57
61,Exit long,2023-12-27 23:00:00,Close entry(s) order Long,1.6224,1000,1620.6,1.03,0.09,1.95,0.18,-0.1,-0.01,56.77,5.68
61,Entry long,2023-12-27 14:00:00,Long,1.6206,1000,1620.6,1.03,0.09,1.95,0.18,-0.1,-0.01,56.77,5.68
62,Exit short,2023-12-28 20:00:00,Close entry(s) order Short,1.6188,1000,1618.2,-0.61,-0.06,0.31,0.03,-0.51,-0.05,56.16,5.62
62,Entry short,2023-12-28 17:00:00,Short,1.6182,1000,1618.2,-0.61,-0.06,0.31,0.03,-0.51,-0.05,56.16,5.62
63,Exit long,2024-01-03 16:00:00,Close entry(s) order Long,1.6248,1000,1624.2,0.21,0.02,1.12,0.10,-0.1,-0.01,56.36,5.64
63,Entry long,2024-01-03 13:00:00,Long,1.6242,1000,1624.2,0.21,0.02,1.12,0.10,-0.1,-0.01,56.36,5.64
64,Exit long,2024-01-05 07:00:00,Close entry(s) order Long,1.632,1000,1629,1.81,0.17,3.05,0.28,-0.1,-0.01,58.18,5.82
64,Entry long,2024-01-04 13:00:00,Long,1.629,1000,1629,1.81,0.17,3.05,0.28,-0.1,-0.01,58.18,5.82
65,Exit long,2024-01-08 14:00:00,Close entry(s) order Long,1.6374,1000,1636.8,0.21,0.02,1.11,0.10,-0.1,-0.01,58.38,5.84
65,Entry long,2024-01-08 13:00:00,Long,1.6368,1000,1636.8,0.21,0.02,1.11,0.10,-0.1,-0.01,58.38,5.84
66,Exit long,2024-01-11 01:00:00,Close entry(s) order Long,1.6362,1000,1635.6,0.2,0.02,1.5,0.14,-0.1,-0.01,58.59,5.86
66,Entry long,2024-01-10 15:00:00,Long,1.6356,1000,1635.6,0.2,0.02,1.5,0.14,-0.1,-0.01,58.59,5.86
67,Exit long,2024-01-14 23:00:00,Close entry(s) order Long,1.6374,1000,1636.8,0.2,0.02,1.11,0.10,-0.1,-0.01,58.79,5.88
67,Entry long,2024-01-12 16:00:00,Long,1.6368,1000,1636.8,0.2,0.02,1.11,0.10,-0.1,-0.01,58.79,5.88
68,Exit long,2024-01-17 02:00:00,Close entry(s) order Long,1.6512,1000,1651.2,-0.2,-0.02,0.34,0.03,-0.49,-0.05,58.6,5.86
68,Entry long,2024-01-17 01:00:00,Long,1.6512,1000,1651.2,-0.2,-0.02,0.34,0.03,-0.49,-0.05,58.6,5.86
69,Exit long,2024-01-19 17:00:00,Close entry(s) order Long,1.653,1000,1653,-0.2,-0.02,0.69,0.06,-0.1,-0.01,58.4,5.84
69,Entry long,2024-01-19 16:00:00,Long,1.653,1000,1653,-0.2,-0.02,0.69,0.06,-0.1,-0.01,58.4,5.84
70,Exit long,2024-01-25 08:00:00,Close entry(s) order Long,1.6548,1000,1653,0.99,0.09,1.48,0.14,-0.1,-0.01,59.39,5.94
70,Entry long,2024-01-24 19:00:00,Long,1.653,1000,1653,0.99,0.09,1.48,0.14,-0.1,-0.01,59.39,5.94
71,Exit long,2024-02-01 00:00:00,Close entry(s) order Long,1.6458,1000,1646.4,-0.59,-0.05,0.55,0.05,-0.49,-0.05,58.8,5.88
71,Entry long,2024-01-31 20:00:00,Long,1.6464,1000,1646.4,-0.59,-0.05,0.55,0.05,-0.49,-0.05,58.8,5.88
72,Exit long,2024-02-05 01:00:00,Close entry(s) order Long,1.6578,1000,1650.6,4.49,0.42,5.37,0.50,-0.1,-0.01,63.29,6.33
72,Entry long,2024-02-02 13:00:00,Long,1.6506,1000,1650.6,4.49,0.42,5.37,0.50,-0.1,-0.01,63.29,6.33
73,Exit short,2024-02-07 05:00:00,Close entry(s) order Short,1.6476,1000,1650,1.37,0.13,2.25,0.21,-0.1,-0.01,64.67,6.47
73,Entry short,2024-02-06 17:00:00,Short,1.65,1000,1650,1.37,0.13,2.25,0.21,-0.1,-0.01,64.67,6.47
74,Exit long,2024-02-09 00:00:00,Close entry(s) order Long,1.6596,1000,1657.2,1.36,0.13,2.14,0.20,-0.1,-0.01,66.03,6.60
74,Entry long,2024-02-08 14:00:00,Long,1.6572,1000,1657.2,1.36,0.13,2.14,0.20,-0.1,-0.01,66.03,6.60
75,Exit short,2024-02-12 22:00:00,Close entry(s) order Short,1.6494,1000,1648.8,-0.59,-0.05,0.37,0.03,-0.49,-0.05,65.45,6.54
75,Entry short,2024-02-12 19:00:00,Short,1.6488,1000,1648.8,-0.59,-0.05,0.37,0.03,-0.49,-0.05,65.45,6.54
76,Exit short,2024-02-18 22:00:00,Close entry(s) order Short,1.6494,1000,1648.8,-0.59,-0.05,0,0.00,-0.49,-0.05,64.86,6.49
76,Entry short,2024-02-16 19:00:00,Short,1.6488,1000,1648.8,-0.59,-0.05,0,0.00,-0.49,-0.05,64.86,6.49
77,Exit long,2024-02-27 03:00:00,Close entry(s) order Long,1.6608,1000,1657.2,2.16,0.20,3.04,0.28,-0.1,-0.01,67.02,6.70
77,Entry long,2024-02-26 14:00:00,Long,1.6572,1000,1657.2,2.16,0.20,3.04,0.28,-0.1,-0.01,67.02,6.70
78,Exit long,2024-02-29 01:00:00,Close entry(s) order Long,1.668,1000,1665.6,1.36,0.13,2.26,0.21,-0.1,-0.01,68.38,6.84
78,Entry long,2024-02-28 13:00:00,Long,1.6656,1000,1665.6,1.36,0.13,2.26,0.21,-0.1,-0.01,68.38,6.84
79,Exit short,2024-03-01 21:00:00,Close entry(s) order Short,1.6602,1000,1660.2,-0.19,-0.02,0.68,0.06,-0.1,-0.01,68.19,6.82
79,Entry short,2024-03-01 15:00:00,Short,1.6602,1000,1660.2,-0.19,-0.02,0.68,0.06,-0.1,-0.01,68.19,6.82
80,Exit short,2024-03-06 22:00:00,Close entry(s) order Short,1.6602,1000,1662.6,1.38,0.13,2.24,0.21,-0.1,-0.01,69.57,6.96
80,Entry short,2024-03-06 14:00:00,Short,1.6626,1000,1662.6,1.38,0.13,2.24,0.21,-0.1,-0.01,69.57,6.96
81,Exit short,2024-03-07 14:00:00,Close entry(s) order Short,1.6464,1000,1648.2,0.99,0.09,1.87,0.17,-0.1,-0.01,70.55,7.06
81,Entry short,2024-03-07 13:00:00,Short,1.6482,1000,1648.2,0.99,0.09,1.87,0.17,-0.1,-0.01,70.55,7.06
82,Exit short,2024-03-27 20:00:00,Close entry(s) order Short,1.6578,1000,1657.8,-0.19,-0.02,0.29,0.03,-0.49,-0.05,70.36,7.04
82,Entry short,2024-03-27 14:00:00,Short,1.6578,1000,1657.8,-0.19,-0.02,0.29,0.03,-0.49,-0.05,70.36,7.04
83,Exit short,2024-04-04 00:00:00,Close entry(s) order Short,1.65,1000,1651.8,0.99,0.09,1.47,0.14,-0.1,-0.01,71.35,7.13
83,Entry short,2024-04-03 15:00:00,Short,1.6518,1000,1651.8,0.99,0.09,1.47,0.14,-0.1,-0.01,71.35,7.13
84,Exit short,2024-04-08 14:00:00,Close entry(s) order Short,1.6434,1000,1642.8,-0.59,-0.05,0.3,0.03,-0.49,-0.05,70.76,7.08
84,Entry short,2024-04-08 13:00:00,Short,1.6428,1000,1642.8,-0.59,-0.05,0.3,0.03,-0.49,-0.05,70.76,7.08
85,Exit long,2024-04-11 02:00:00,Close entry(s) order Long,1.65,1000,1647,1.76,0.16,2.69,0.25,-0.1,-0.01,72.52,7.25
85,Entry long,2024-04-10 14:00:00,Long,1.647,1000,1647,1.76,0.16,2.69,0.25,-0.1,-0.01,72.52,7.25
86,Exit long,2024-04-14 21:00:00,Close entry(s) order Long,1.6464,1000,1642.8,2.13,0.20,3.04,0.28,-0.1,-0.01,74.65,7.47
86,Entry long,2024-04-12 13:00:00,Long,1.6428,1000,1642.8,2.13,0.20,3.04,0.28,-0.1,-0.01,74.65,7.47
87,Exit long,2024-04-16 15:00:00,Close entry(s) order Long,1.6596,1000,1658.4,0.58,0.05,1.62,0.15,-0.1,-0.01,75.23,7.52
87,Entry long,2024-04-16 13:00:00,Long,1.6584,1000,1658.4,0.58,0.05,1.62,0.15,-0.1,-0.01,75.23,7.52
88,Exit short,2024-04-24 09:00:00,Close entry(s) order Short,1.6434,1000,1650,4.09,0.38,5.07,0.47,-0.1,-0.01,79.32,7.93
88,Entry short,2024-04-24 00:00:00,Short,1.65,1000,1650,4.09,0.38,5.07,0.47,-0.1,-0.01,79.32,7.93
89,Exit short,2024-04-28 21:00:00,Close entry(s) order Short,1.6374,1000,1637.4,-0.19,-0.02,0.69,0.06,-0.1,-0.01,79.13,7.91
89,Entry short,2024-04-26 13:00:00,Short,1.6374,1000,1637.4,-0.19,-0.02,0.69,0.06,-0.1,-0.01,79.13,7.91
90,Exit long,2024-04-30 14:00:00,Close entry(s) order Long,1.6476,1000,1646.4,0.59,0.05,1.48,0.14,-0.1,-0.01,79.72,7.97
90,Entry long,2024-04-30 13:00:00,Long,1.6464,1000,1646.4,0.59,0.05,1.48,0.14,-0.1,-0.01,79.72,7.97
91,Exit short,2024-05-03 00:00:00,Close entry(s) order Short,1.6332,1000,1636.8,2.17,0.20,2.64,0.25,-0.1,-0.01,81.89,8.19
91,Entry short,2024-05-02 14:00:00,Short,1.6368,1000,1636.8,2.17,0.20,2.64,0.25,-0.1,-0.01,81.89,8.19
92,Exit short,2024-05-15 23:00:00,Close entry(s) order Short,1.626,1000,1629,1.81,0.17,2.29,0.21,-0.1,-0.01,83.71,8.37
92,Entry short,2024-05-15 15:00:00,Short,1.629,1000,1629,1.81,0.17,2.29,0.21,-0.1,-0.01,83.71,8.37
93,Exit short,2024-05-20 06:00:00,Close entry(s) order Short,1.6236,1000,1626,1.41,0.13,2.31,0.21,-0.1,-0.01,85.12,8.51
93,Entry short,2024-05-17 17:00:00,Short,1.626,1000,1626,1.41,0.13,2.31,0.21,-0.1,-0.01,85.12,8.51
94,Exit long,2024-05-23 03:00:00,Close entry(s) order Long,1.635,1000,1630.2,2.98,0.28,3.9,0.36,-0.1,-0.01,88.1,8.81
94,Entry long,2024-05-22 14:00:00,Long,1.6302,1000,1630.2,2.98,0.28,3.9,0.36,-0.1,-0.01,88.1,8.81
95,Exit long,2024-06-03 20:00:00,Close entry(s) order Long,1.6308,1000,1631.4,-0.59,-0.05,0.61,0.06,-0.5,-0.05,87.5,8.75
95,Entry long,2024-06-03 17:00:00,Long,1.6314,1000,1631.4,-0.59,-0.05,0.61,0.06,-0.5,-0.05,87.5,8.75
96,Exit long,2024-06-05 15:00:00,Close entry(s) order Long,1.6374,1000,1637.4,-0.2,-0.02,0.7,0.06,-0.1,-0.01,87.31,8.73
96,Entry long,2024-06-05 14:00:00,Long,1.6374,1000,1637.4,-0.2,-0.02,0.7,0.06,-0.1,-0.01,87.31,8.73
97,Exit short,2024-06-07 09:00:00,Close entry(s) order Short,1.6332,1000,1634.4,0.6,0.06,1.5,0.14,-0.1,-0.01,87.91,8.79
97,Entry short,2024-06-06 15:00:00,Short,1.6344,1000,1634.4,0.6,0.06,1.5,0.14,-0.1,-0.01,87.91,8.79
98,Exit short,2024-06-10 17:00:00,Close entry(s) order Short,1.6278,1000,1629.6,0.99,0.09,1.88,0.18,-0.1,-0.01,88.9,8.89
98,Entry short,2024-06-10 13:00:00,Short,1.6296,1000,1629.6,0.99,0.09,1.88,0.18,-0.1,-0.01,88.9,8.89
99,Exit short,2024-06-14 00:00:00,Close entry(s) order Short,1.6194,1000,1618.8,-0.59,-0.06,0.39,0.04,-0.5,-0.05,88.31,8.83
99,Entry short,2024-06-13 18:00:00,Short,1.6188,1000,1618.8,-0.59,-0.06,0.39,0.04,-0.5,-0.05,88.31,8.83
100,Exit short,2024-06-19 10:00:00,Close entry(s) order Short,1.6104,1000,1617,4.2,0.39,5.11,0.47,-0.1,-0.01,92.51,9.25
100,Entry short,2024-06-18 15:00:00,Short,1.617,1000,1617,4.2,0.39,5.11,0.47,-0.1,-0.01,92.51,9.25
101,Exit short,2024-06-28 20:00:00,Close entry(s) order Short,1.6056,1000,1605,-0.59,-0.06,0.3,0.03,-0.49,-0.05,91.92,9.19
101,Entry short,2024-06-28 13:00:00,Short,1.605,1000,1605,-0.59,-0.06,0.3,0.03,-0.49,-0.05,91.92,9.19
102,Exit long,2024-07-12 00:00:00,Close entry(s) order Long,1.6074,1000,1607.4,-0.2,-0.02,0.31,0.03,-0.5,-0.05,91.73,9.17
102,Entry long,2024-07-11 19:00:00,Long,1.6074,1000,1607.4,-0.2,-0.02,0.31,0.03,-0.5,-0.05,91.73,9.17
103,Exit long,2024-07-17 07:00:00,Close entry(s) order Long,1.6188,1000,1618.8,-0.2,-0.02,0,0.00,-0.5,-0.05,91.53,9.15
103,Entry long,2024-07-17 01:00:00,Long,1.6188,1000,1618.8,-0.2,-0.02,0,0.00,-0.5,-0.05,91.53,9.15
104,Exit long,2024-07-19 06:00:00,Close entry(s) order Long,1.6248,1000,1625.4,-0.6,-0.05,0.3,0.03,-0.5,-0.05,90.93,9.09
104,Entry long,2024-07-18 23:00:00,Long,1.6254,1000,1625.4,-0.6,-0.05,0.3,0.03,-0.5,-0.05,90.93,9.09
105,Exit long,2024-07-23 02:00:00,Close entry(s) order Long,1.6404,1000,1639.8,0.2,0.02,0.7,0.06,-0.1,-0.01,91.13,9.11
105,Entry long,2024-07-23 00:00:00,Long,1.6398,1000,1639.8,0.2,0.02,0.7,0.06,-0.1,-0.01,91.13,9.11
106,Exit long,2024-07-25 12:00:00,Close entry(s) order Long,1.662,1000,1647,9.68,0.89,10.76,0.99,-0.1,-0.01,100.81,10.08
106,Entry long,2024-07-24 23:00:00,Long,1.647,1000,1647,9.68,0.89,10.76,0.99,-0.1,-0.01,100.81,10.08
107,Exit long,2024-07-29 00:00:00,Close entry(s) order Long,1.6566,1000,1656.6,-0.2,-0.02,0.69,0.06,-0.1,-0.01,100.61,10.06
107,Entry long,2024-07-26 20:00:00,Long,1.6566,1000,1656.6,-0.2,-0.02,0.69,0.06,-0.1,-0.01,100.61,10.06
108,Exit short,2024-07-30 16:00:00,Close entry(s) order Short,1.6536,1000,1653,-0.59,-0.05,0,0.00,-0.49,-0.05,100.03,10.00
108,Entry short,2024-07-30 15:00:00,Short,1.653,1000,1653,-0.59,-0.05,0,0.00,-0.49,-0.05,100.03,10.00
109,Exit short,2024-08-01 14:00:00,Close entry(s) order Short,1.6506,1000,1650,-0.59,-0.05,0,0.00,-0.49,-0.05,99.44,9.94
109,Entry short,2024-08-01 14:00:00,Short,1.65,1000,1650,-0.59,-0.05,0,0.00,-0.49,-0.05,99.44,9.94
110,Exit long,2024-08-02 15:00:00,Close entry(s) order Long,1.674,1000,1668,3.71,0.34,4.58,0.42,-0.1,-0.01,103.14,10.31
110,Entry long,2024-08-02 14:00:00,Long,1.668,1000,1668,3.71,0.34,4.58,0.42,-0.1,-0.01,103.14,10.31
111,Exit short,2024-08-05 14:00:00,Close entry(s) order Short,1.6914,1000,1696.2,2.93,0.26,3.81,0.34,-0.1,-0.01,106.07,10.61
111,Entry short,2024-08-05 13:00:00,Short,1.6962,1000,1696.2,2.93,0.26,3.81,0.34,-0.1,-0.01,106.07,10.61
112,Exit short,2024-08-05 20:00:00,Close entry(s) order Short,1.6878,1000,1687.8,-0.2,-0.02,0,0.00,-0.49,-0.04,105.87,10.59
112,Entry short,2024-08-05 18:00:00,Short,1.6878,1000,1687.8,-0.2,-0.02,0,0.00,-0.49,-0.04,105.87,10.59
113,Exit short,2024-08-06 19:00:00,Close entry(s) order Short,1.6734,1000,1681.2,4.87,0.45,5.8,0.53,-0.1,-0.01,110.74,11.07
113,Entry short,2024-08-06 13:00:00,Short,1.6812,1000,1681.2,4.87,0.45,5.8,0.53,-0.1,-0.01,110.74,11.07
114,Exit long,2024-08-08 01:00:00,Close entry(s) order Long,1.6752,1000,1675.8,-0.59,-0.05,0.47,0.04,-0.49,-0.04,110.16,11.02
114,Entry long,2024-08-07 22:00:00,Long,1.6758,1000,1675.8,-0.59,-0.05,0.47,0.04,-0.49,-0.04,110.16,11.02
115,Exit short,2024-08-09 04:00:00,Close entry(s) order Short,1.656,1000,1663.8,4.95,0.45,5.84,0.53,-0.1,-0.01,115.1,11.51
115,Entry short,2024-08-08 13:00:00,Short,1.6638,1000,1663.8,4.95,0.45,5.84,0.53,-0.1,-0.01,115.1,11.51
116,Exit long,2024-08-14 17:00:00,Close entry(s) order Long,1.6674,1000,1663.8,2.19,0.20,2.69,0.24,-0.1,-0.01,117.29,11.73
116,Entry long,2024-08-14 13:00:00,Long,1.6638,1000,1663.8,2.19,0.20,2.69,0.24,-0.1,-0.01,117.29,11.73
117,Exit short,2024-08-18 23:00:00,Close entry(s) order Short,1.653,1000,1655.4,1.4,0.13,1.88,0.17,-0.1,-0.01,118.69,11.87
117,Entry short,2024-08-16 15:00:00,Short,1.6554,1000,1655.4,1.4,0.13,1.88,0.17,-0.1,-0.01,118.69,11.87
118,Exit long,2024-08-23 04:00:00,Close entry(s) order Long,1.656,1000,1654.8,0.6,0.05,1.86,0.17,-0.1,-0.01,119.3,11.93
118,Entry long,2024-08-22 15:00:00,Long,1.6548,1000,1654.8,0.6,0.05,1.86,0.17,-0.1,-0.01,119.3,11.93
119,Exit short,2024-08-29 18:00:00,Close entry(s) order Short,1.629,1000,1628.4,-0.61,-0.05,0.31,0.03,-0.51,-0.05,118.69,11.87
119,Entry short,2024-08-29 17:00:00,Short,1.6284,1000,1628.4,-0.61,-0.05,0.31,0.03,-0.51,-0.05,118.69,11.87
120,Exit long,2024-09-04 01:00:00,Close entry(s) order Long,1.6506,1000,1641.6,5.84,0.53,6.75,0.61,-0.1,-0.01,124.53,12.45
120,Entry long,2024-09-03 13:00:00,Long,1.6416,1000,1641.6,5.84,0.53,6.75,0.61,-0.1,-0.01,124.53,12.45
121,Exit long,2024-09-05 01:00:00,Close entry(s) order Long,1.6482,1000,1646.4,1.01,0.09,1.92,0.17,-0.1,-0.01,125.54,12.55
121,Entry long,2024-09-04 15:00:00,Long,1.6464,1000,1646.4,1.01,0.09,1.92,0.17,-0.1,-0.01,125.54,12.55
122,Exit long,2024-09-09 01:00:00,Close entry(s) order Long,1.6614,1000,1651.8,6.2,0.56,7.1,0.64,-0.1,-0.01,131.75,13.17
122,Entry long,2024-09-06 14:00:00,Long,1.6518,1000,1651.8,6.2,0.56,7.1,0.64,-0.1,-0.01,131.75,13.17
123,Exit short,2024-09-12 07:00:00,Close entry(s) order Short,1.6482,1000,1655.4,4.61,0.42,5.79,0.52,-0.1,-0.01,136.36,13.64
123,Entry short,2024-09-11 16:00:00,Short,1.6554,1000,1655.4,4.61,0.42,5.79,0.52,-0.1,-0.01,136.36,13.64
124,Exit short,2024-09-13 02:00:00,Close entry(s) order Short,1.6476,1000,1648.2,0.2,0.02,1.1,0.10,-0.1,-0.01,136.56,13.66
124,Entry short,2024-09-12 16:00:00,Short,1.6482,1000,1648.2,0.2,0.02,1.1,0.10,-0.1,-0.01,136.56,13.66
125,Exit short,2024-09-23 17:00:00,Close entry(s) order Short,1.626,1000,1626.6,0.21,0.02,0.72,0.06,-0.1,-0.01,136.77,13.68
125,Entry short,2024-09-23 14:00:00,Short,1.6266,1000,1626.6,0.21,0.02,0.72,0.06,-0.1,-0.01,136.77,13.68
126,Exit short,2024-09-24 14:00:00,Close entry(s) order Short,1.623,1000,1624.2,0.62,0.06,1.54,0.14,-0.1,-0.01,137.39,13.74
126,Entry short,2024-09-24 13:00:00,Short,1.6242,1000,1624.2,0.62,0.06,1.54,0.14,-0.1,-0.01,137.39,13.74
127,Exit long,2024-09-26 00:00:00,Close entry(s) order Long,1.6308,1000,1631.4,-0.61,-0.05,0.31,0.03,-0.51,-0.05,136.78,13.68
127,Entry long,2024-09-25 23:00:00,Long,1.6314,1000,1631.4,-0.61,-0.05,0.31,0.03,-0.51,-0.05,136.78,13.68
128,Exit short,2024-09-27 15:00:00,Close entry(s) order Short,1.614,1000,1617,1.87,0.17,2.8,0.25,-0.1,-0.01,138.65,13.86
128,Entry short,2024-09-27 13:00:00,Short,1.617,1000,1617,1.87,0.17,2.8,0.25,-0.1,-0.01,138.65,13.86
129,Exit short,2024-09-30 18:00:00,Close entry(s) order Short,1.608,1000,1614,3.94,0.35,4.87,0.44,-0.1,-0.01,142.59,14.26
129,Entry short,2024-09-30 13:00:00,Short,1.614,1000,1614,3.94,0.35,4.87,0.44,-0.1,-0.01,142.59,14.26
130,Exit long,2024-10-07 21:00:00,Close entry(s) order Long,1.6248,1000,1618.8,3.86,0.35,4.79,0.44,-0.1,-0.01,146.45,14.64
130,Entry long,2024-10-07 14:00:00,Long,1.6188,1000,1618.8,3.86,0.35,4.79,0.44,-0.1,-0.01,146.45,14.64
131,Exit long,2024-10-09 15:00:00,Close entry(s) order Long,1.6296,1000,1630.2,-0.6,-0.05,0,0.00,-0.5,-0.05,145.84,14.58
131,Entry long,2024-10-09 15:00:00,Long,1.6302,1000,1630.2,-0.6,-0.05,0,0.00,-0.5,-0.05,145.84,14.58
132,Exit long,2024-10-16 01:00:00,Close entry(s) order Long,1.6284,1000,1629,-0.6,-0.05,0,0.00,-0.5,-0.05,145.24,14.52
132,Entry long,2024-10-16 01:00:00,Long,1.629,1000,1629,-0.6,-0.05,0,0.00,-0.5,-0.05,145.24,14.52
133,Exit short,2024-10-18 02:00:00,Close entry(s) order Short,1.6164,1000,1620.6,2.62,0.24,3.1,0.29,-0.1,-0.01,147.86,14.79
133,Entry short,2024-10-17 13:00:00,Short,1.6206,1000,1620.6,2.62,0.24,3.1,0.29,-0.1,-0.01,147.86,14.79
134,Exit long,2024-10-22 01:00:00,Close entry(s) order Long,1.6242,1000,1624.8,-0.59,-0.05,0.32,0.03,-0.5,-0.05,147.27,14.73
134,Entry long,2024-10-22 01:00:00,Long,1.6248,1000,1624.8,-0.59,-0.05,0.32,0.03,-0.5,-0.05,147.27,14.73
135,Exit long,2024-10-23 20:00:00,Close entry(s) order Long,1.626,1000,1624.2,1.01,0.09,1.91,0.18,-0.1,-0.01,148.28,14.83
135,Entry long,2024-10-23 15:00:00,Long,1.6242,1000,1624.2,1.01,0.09,1.91,0.18,-0.1,-0.01,148.28,14.83
136,Exit long,2024-10-27 21:00:00,Close entry(s) order Long,1.6338,1000,1634.4,-0.59,-0.05,0,0.00,-0.49,-0.05,147.68,14.77
136,Entry long,2024-10-27 21:00:00,Long,1.6344,1000,1634.4,-0.59,-0.05,0,0.00,-0.49,-0.05,147.68,14.77
137,Exit long,2024-10-30 06:00:00,Close entry(s) order Long,1.6518,1000,1647.6,2.56,0.24,3.6,0.33,-0.1,-0.01,150.24,15.02
137,Entry long,2024-10-29 17:00:00,Long,1.6476,1000,1647.6,2.56,0.24,3.6,0.33,-0.1,-0.01,150.24,15.02
138,Exit long,2024-10-31 02:00:00,Close entry(s) order Long,1.6518,1000,1651.2,0.2,0.02,1.09,0.10,-0.1,-0.01,150.44,15.04
138,Entry long,2024-10-30 21:00:00,Long,1.6512,1000,1651.2,0.2,0.02,1.09,0.10,-0.1,-0.01,150.44,15.04
139,Exit short,2024-11-01 16:00:00,Close entry(s) order Short,1.6494,1000,1651.2,0.99,0.09,1.88,0.17,-0.1,-0.01,151.43,15.14
139,Entry short,2024-11-01 14:00:00,Short,1.6512,1000,1651.2,0.99,0.09,1.88,0.17,-0.1,-0.01,151.43,15.14
140,Exit short,2024-11-05 16:00:00,Close entry(s) order Short,1.6452,1000,1644.6,-0.59,-0.05,0.69,0.06,-0.49,-0.05,150.84,15.08
140,Entry short,2024-11-05 13:00:00,Short,1.6446,1000,1644.6,-0.59,-0.05,0.69,0.06,-0.49,-0.05,150.84,15.08
141,Exit short,2024-11-06 20:00:00,Close entry(s) order Short,1.632,1000,1631.4,-0.59,-0.05,0.3,0.03,-0.5,-0.05,150.25,15.02
141,Entry short,2024-11-06 19:00:00,Short,1.6314,1000,1631.4,-0.59,-0.05,0.3,0.03,-0.5,-0.05,150.25,15.02
142,Exit short,2024-11-08 01:00:00,Close entry(s) order Short,1.6182,1000,1618.8,0.21,0.02,1.09,0.10,-0.1,-0.01,150.46,15.05
142,Entry short,2024-11-07 15:00:00,Short,1.6188,1000,1618.8,0.21,0.02,1.09,0.10,-0.1,-0.01,150.46,15.05
143,Exit long,2024-11-12 19:00:00,Close entry(s) order Long,1.626,1000,1625.4,0.2,0.02,1.09,0.10,-0.1,-0.01,150.66,15.07
143,Entry long,2024-11-12 17:00:00,Long,1.6254,1000,1625.4,0.2,0.02,1.09,0.10,-0.1,-0.01,150.66,15.07
144,Exit long,2024-11-14 22:00:00,Close entry(s) order Long,1.6308,1000,1630.8,-0.19,-0.02,0.57,0.05,-0.48,-0.05,150.47,15.05
144,Entry long,2024-11-14 15:00:00,Long,1.6308,1000,1630.8,-0.19,-0.02,0.57,0.05,-0.48,-0.05,150.47,15.05
145,Exit short,2024-11-20 08:00:00,Close entry(s) order Short,1.6224,1000,1623,0.2,0.02,0.69,0.06,-0.1,-0.01,150.67,15.07
145,Entry short,2024-11-19 16:00:00,Short,1.623,1000,1623,0.2,0.02,0.69,0.06,-0.1,-0.01,150.67,15.07
146,Exit short,2024-11-22 04:00:00,Close entry(s) order Short,1.6086,1000,1612.2,2.16,0.21,3.27,0.31,-0.09,-0.01,152.83,15.28
146,Entry short,2024-11-21 16:00:00,Short,1.6122,1000,1612.2,2.16,0.21,3.27,0.31,-0.09,-0.01,152.83,15.28
147,Exit long,2024-11-26 15:00:00,Close entry(s) order Long,1.6224,1000,1622.4,-0.19,-0.02,0.69,0.06,-0.09,-0.01,152.64,15.26
147,Entry long,2024-11-26 14:00:00,Long,1.6224,1000,1622.4,-0.19,-0.02,0.69,0.06,-0.09,-0.01,152.64,15.26
148,Exit long,2024-11-27 18:00:00,Close entry(s) order Long,1.6278,1000,1628.4,-0.58,-0.05,0,0.00,-0.48,-0.05,152.06,15.21
148,Entry long,2024-11-27 18:00:00,Long,1.6284,1000,1628.4,-0.58,-0.05,0,0.00,-0.48,-0.05,152.06,15.21
149,Exit short,2024-11-29 16:00:00,Close entry(s) order Short,1.6206,1000,1620.6,-0.19,-0.02,0.3,0.03,-0.48,-0.05,151.87,15.19
149,Entry short,2024-11-29 14:00:00,Short,1.6206,1000,1620.6,-0.19,-0.02,0.3,0.03,-0.48,-0.05,151.87,15.19
150,Exit long,2024-12-03 19:00:00,Close entry(s) order Long,1.6218,1000,1622.4,-0.58,-0.05,0.29,0.03,-0.48,-0.05,151.29,15.13
150,Entry long,2024-12-03 15:00:00,Long,1.6224,1000,1622.4,-0.58,-0.05,0.29,0.03,-0.48,-0.05,151.29,15.13
151,Exit long,2024-12-05 18:00:00,Close entry(s) order Long,1.6416,1000,1638,2.13,0.20,2.99,0.28,-0.09,-0.01,153.42,15.34
151,Entry long,2024-12-05 13:00:00,Long,1.638,1000,1638,2.13,0.20,2.99,0.28,-0.09,-0.01,153.42,15.34
152,Exit long,2024-12-08 22:00:00,Close entry(s) order Long,1.6536,1000,1651.8,0.96,0.09,1.84,0.17,-0.1,-0.01,154.38,15.44
152,Entry long,2024-12-06 15:00:00,Long,1.6518,1000,1651.8,0.96,0.09,1.84,0.17,-0.1,-0.01,154.38,15.44
153,Exit long,2024-12-11 03:00:00,Close entry(s) order Long,1.6506,1000,1650.6,-0.19,-0.02,0.67,0.06,-0.09,-0.01,154.19,15.42
153,Entry long,2024-12-10 23:00:00,Long,1.6506,1000,1650.6,-0.19,-0.02,0.67,0.06,-0.09,-0.01,154.19,15.42
154,Exit long,2024-12-16 03:00:00,Close entry(s) order Long,1.6506,1000,1648.8,0.96,0.09,1.81,0.17,-0.09,-0.01,155.14,15.51
154,Entry long,2024-12-13 15:00:00,Long,1.6488,1000,1648.8,0.96,0.09,1.81,0.17,-0.09,-0.01,155.14,15.51
155,Exit long,2024-12-17 18:00:00,Close entry(s) order Long,1.656,1000,1656.6,-0.57,-0.05,0,0.00,-0.48,-0.05,154.57,15.46
155,Entry long,2024-12-17 17:00:00,Long,1.6566,1000,1656.6,-0.57,-0.05,0,0.00,-0.48,-0.05,154.57,15.46
156,Exit long,2024-12-19 03:00:00,Close entry(s) order Long,1.6668,1000,1665.6,0.56,0.05,1.4,0.14,-0.09,-0.01,155.13,15.51
156,Entry long,2024-12-18 23:00:00,Long,1.6656,1000,1665.6,0.56,0.05,1.4,0.14,-0.09,-0.01,155.13,15.51
157,Exit long,2024-12-20 06:00:00,Close entry(s) order Long,1.6638,1000,1660.8,1.68,0.16,2.78,0.27,-0.09,-0.01,156.81,15.68
157,Entry long,2024-12-19 22:00:00,Long,1.6608,1000,1660.8,1.68,0.16,2.78,0.27,-0.09,-0.01,156.81,15.68
158,Exit long,2024-12-23 05:00:00,Close entry(s) order Long,1.6686,1000,1668.6,-0.19,-0.02,0.66,0.06,-0.36,-0.03,156.63,15.66
158,Entry long,2024-12-22 22:00:00,Long,1.6686,1000,1668.6,-0.19,-0.02,0.66,0.06,-0.36,-0.03,156.63,15.66
159,Exit long,2024-12-27 00:00:00,Close entry(s) order Long,1.6752,1000,1672.2,1.68,0.16,2.52,0.24,-0.09,-0.01,158.31,15.83
159,Entry long,2024-12-26 15:00:00,Long,1.6722,1000,1672.2,1.68,0.16,2.52,0.24,-0.09,-0.01,158.31,15.83
160,Exit short,2024-12-30 21:00:00,Close entry(s) order Short,1.671,1000,1672.2,0.56,0.05,1.49,0.14,-0.32,-0.03,158.86,15.89
160,Entry short,2024-12-30 13:00:00,Short,1.6722,1000,1672.2,0.56,0.05,1.49,0.14,-0.32,-0.03,158.86,15.89
161,Exit short,2025-01-02 23:00:00,Close entry(s) order Short,1.6548,1000,1661.4,3.91,0.38,4.73,0.46,-0.09,-0.01,162.77,16.28
161,Entry short,2025-01-02 13:00:00,Short,1.6614,1000,1661.4,3.91,0.38,4.73,0.46,-0.09,-0.01,162.77,16.28
162,Exit long,2025-01-07 00:00:00,Close entry(s) order Long,1.6632,1000,1659.6,2.06,0.20,2.92,0.28,-0.09,-0.01,164.84,16.48
162,Entry long,2025-01-06 15:00:00,Long,1.6596,1000,1659.6,2.06,0.20,2.92,0.28,-0.09,-0.01,164.84,16.48
163,Exit long,2025-01-10 14:00:00,Close entry(s) order Long,1.665,1000,1665.6,-0.56,-0.05,0,0.00,-0.46,-0.05,164.28,16.43
163,Entry long,2025-01-10 14:00:00,Long,1.6656,1000,1665.6,-0.56,-0.05,0,0.00,-0.46,-0.05,164.28,16.43
164,Exit long,2025-01-15 02:00:00,Close entry(s) order Long,1.665,1000,1660.2,2.79,0.27,3.62,0.35,-0.09,-0.01,167.07,16.71
164,Entry long,2025-01-14 14:00:00,Long,1.6602,1000,1660.2,2.79,0.27,3.62,0.35,-0.09,-0.01,167.07,16.71
165,Exit short,2025-01-16 01:00:00,Close entry(s) order Short,1.6524,1000,1653.6,0.56,0.05,1.59,0.15,-0.09,-0.01,167.63,16.76
165,Entry short,2025-01-15 19:00:00,Short,1.6536,1000,1653.6,0.56,0.05,1.59,0.15,-0.09,-0.01,167.63,16.76
166,Exit long,2025-01-17 14:00:00,Close entry(s) order Long,1.6644,1000,1664.4,-0.19,-0.02,0.65,0.06,-0.09,-0.01,167.44,16.74
166,Entry long,2025-01-17 13:00:00,Long,1.6644,1000,1664.4,-0.19,-0.02,0.65,0.06,-0.09,-0.01,167.44,16.74
167,Exit short,2025-01-23 06:00:00,Close entry(s) order Short,1.6596,1000,1659.6,-0.19,-0.02,0.66,0.06,-0.09,-0.01,167.26,16.73
167,Entry short,2025-01-23 01:00:00,Short,1.6596,1000,1659.6,-0.19,-0.02,0.66,0.06,-0.09,-0.01,167.26,16.73
168,Exit long,2025-01-26 22:00:00,Close entry(s) order Long,1.6626,1000,1661.4,0.57,0.05,1.19,0.11,-0.09,-0.01,167.82,16.78
168,Entry long,2025-01-24 14:00:00,Long,1.6614,1000,1661.4,0.57,0.05,1.19,0.11,-0.09,-0.01,167.82,16.78
169,Exit long,2025-01-30 14:00:00,Close entry(s) order Long,1.6758,1000,1672.8,1.68,0.16,2.52,0.24,-0.09,-0.01,169.51,16.95
169,Entry long,2025-01-30 13:00:00,Long,1.6728,1000,1672.8,1.68,0.16,2.52,0.24,-0.09,-0.01,169.51,16.95
170,Exit short,2025-02-04 04:00:00,Close entry(s) order Short,1.6626,1000,1663.8,0.56,0.05,1.58,0.15,-0.68,-0.07,170.07,17.01
170,Entry short,2025-02-03 21:00:00,Short,1.6638,1000,1663.8,0.56,0.05,1.58,0.15,-0.68,-0.07,170.07,17.01
171,Exit short,2025-02-06 03:00:00,Close entry(s) order Short,1.6566,1000,1656,-0.56,-0.05,0.65,0.06,-0.47,-0.05,169.5,16.95
171,Entry short,2025-02-05 16:00:00,Short,1.656,1000,1656,-0.56,-0.05,0.65,0.06,-0.47,-0.05,169.5,16.95
172,Exit short,2025-02-10 13:00:00,Close entry(s) order Short,1.6446,1000,1647.6,1.7,0.16,2.16,0.21,-0.09,-0.01,171.2,17.12
172,Entry short,2025-02-07 17:00:00,Short,1.6476,1000,1647.6,1.7,0.16,2.16,0.21,-0.09,-0.01,171.2,17.12
173,Exit long,2025-02-12 18:00:00,Close entry(s) order Long,1.6536,1000,1653,0.19,0.02,1.04,0.10,-0.09,-0.01,171.39,17.14
173,Entry long,2025-02-12 13:00:00,Long,1.653,1000,1653,0.19,0.02,1.04,0.10,-0.09,-0.01,171.39,17.14
174,Exit long,2025-02-23 23:00:00,Close entry(s) order Long,1.6452,1000,1645.2,-0.19,-0.02,0.67,0.06,-0.09,-0.01,171.2,17.12
174,Entry long,2025-02-21 19:00:00,Long,1.6452,1000,1645.2,-0.19,-0.02,0.67,0.06,-0.09,-0.01,171.2,17.12
175,Exit long,2025-02-25 07:00:00,Close entry(s) order Long,1.6494,1000,1647.6,0.95,0.09,1.45,0.14,-0.09,-0.01,172.16,17.22
175,Entry long,2025-02-24 20:00:00,Long,1.6476,1000,1647.6,0.95,0.09,1.45,0.14,-0.09,-0.01,172.16,17.22
176,Exit long,2025-02-26 17:00:00,Close entry(s) order Long,1.662,1000,1662,-0.19,-0.02,0.74,0.07,-0.09,-0.01,171.97,17.20
176,Entry long,2025-02-26 13:00:00,Long,1.662,1000,1662,-0.19,-0.02,0.74,0.07,-0.09,-0.01,171.97,17.20
177,Exit long,2025-02-28 15:00:00,Close entry(s) order Long,1.6746,1000,1674.6,-0.19,-0.02,0.65,0.06,-0.09,-0.01,171.78,17.18
177,Entry long,2025-02-28 14:00:00,Long,1.6746,1000,1674.6,-0.19,-0.02,0.65,0.06,-0.09,-0.01,171.78,17.18
178,Exit long,2025-03-04 06:00:00,Close entry(s) order Long,1.6896,1000,1683,3.92,0.37,4.76,0.45,-0.09,-0.01,175.7,17.57
178,Entry long,2025-03-03 20:00:00,Long,1.683,1000,1683,3.92,0.37,4.76,0.45,-0.09,-0.01,175.7,17.57
179,Exit long,2025-03-04 19:00:00,Close entry(s) order Long,1.6986,1000,1692.6,3.54,0.34,4.39,0.42,-0.09,-0.01,179.24,17.92
179,Entry long,2025-03-04 14:00:00,Long,1.6926,1000,1692.6,3.54,0.34,4.39,0.42,-0.09,-0.01,179.24,17.92
180,Exit long,2025-03-05 18:00:00,Close entry(s) order Long,1.7058,1000,1704.6,0.56,0.05,1.41,0.13,-0.1,-0.01,179.8,17.98
180,Entry long,2025-03-05 15:00:00,Long,1.7046,1000,1704.6,0.56,0.05,1.41,0.13,-0.1,-0.01,179.8,17.98
181,Exit long,2025-03-06 15:00:00,Close entry(s) order Long,1.7082,1000,1708.2,-0.19,-0.02,0.88,0.08,-0.1,-0.01,179.61,17.96
181,Entry long,2025-03-06 13:00:00,Long,1.7082,1000,1708.2,-0.19,-0.02,0.88,0.08,-0.1,-0.01,179.61,17.96
182,Exit long,2025-03-10 01:00:00,Close entry(s) order Long,1.7214,1000,1722,-0.57,-0.05,0.28,0.03,-0.48,-0.04,179.03,17.90
182,Entry long,2025-03-09 23:00:00,Long,1.722,1000,1722,-0.57,-0.05,0.28,0.03,-0.48,-0.04,179.03,17.90
183,Exit long,2025-03-10 19:00:00,Close entry(s) order Long,1.7256,1000,1718.4,4.35,0.40,5.2,0.48,-0.1,-0.01,183.38,18.34
183,Entry long,2025-03-10 14:00:00,Long,1.7184,1000,1718.4,4.35,0.40,5.2,0.48,-0.1,-0.01,183.38,18.34
184,Exit long,2025-03-11 15:00:00,Close entry(s) order Long,1.74,1000,1737,1.69,0.15,2.54,0.23,-0.1,-0.01,185.07,18.51
184,Entry long,2025-03-11 14:00:00,Long,1.737,1000,1737,1.69,0.15,2.54,0.23,-0.1,-0.01,185.07,18.51
185,Exit short,2025-03-13 01:00:00,Close entry(s) order Short,1.7214,1000,1729.8,5.11,0.47,5.97,0.55,-0.1,-0.01,190.18,19.02
185,Entry short,2025-03-12 16:00:00,Short,1.7298,1000,1729.8,5.11,0.47,5.97,0.55,-0.1,-0.01,190.18,19.02
186,Exit short,2025-03-17 05:00:00,Close entry(s) order Short,1.7196,1000,1723.2,2.08,0.19,2.91,0.27,-0.1,-0.01,192.26,19.23
186,Entry short,2025-03-14 13:00:00,Short,1.7232,1000,1723.2,2.08,0.19,2.91,0.27,-0.1,-0.01,192.26,19.23
187,Exit short,2025-03-20 00:00:00,Close entry(s) order Short,1.716,1000,1719.6,2.09,0.19,2.95,0.27,-0.1,-0.01,194.35,19.44
187,Entry short,2025-03-19 15:00:00,Short,1.7196,1000,1719.6,2.09,0.19,2.95,0.27,-0.1,-0.01,194.35,19.44
188,Exit long,2025-03-21 16:00:00,Close entry(s) order Long,1.725,1000,1725,-0.2,-0.02,0.66,0.06,-0.1,-0.01,194.16,19.42
188,Entry long,2025-03-21 13:00:00,Long,1.725,1000,1725,-0.2,-0.02,0.66,0.06,-0.1,-0.01,194.16,19.42
189,Exit short,2025-03-26 22:00:00,Close entry(s) order Short,1.7076,1000,1707.6,-0.19,-0.02,0.66,0.06,-0.1,-0.01,193.96,19.40
189,Entry short,2025-03-26 21:00:00,Short,1.7076,1000,1707.6,-0.19,-0.02,0.66,0.06,-0.1,-0.01,193.96,19.40
190,Exit long,2025-03-31 01:00:00,Close entry(s) order Long,1.7232,1000,1714.8,5.09,0.47,5.94,0.55,-0.1,-0.01,199.05,19.91
190,Entry long,2025-03-28 14:00:00,Long,1.7148,1000,1714.8,5.09,0.47,5.94,0.55,-0.1,-0.01,199.05,19.91
191,Exit long,2025-03-31 15:00:00,Close entry(s) order Long,1.7334,1000,1732.8,0.18,0.02,1.03,0.09,-0.1,-0.01,199.23,19.92
191,Entry long,2025-03-31 13:00:00,Long,1.7328,1000,1732.8,0.18,0.02,1.03,0.09,-0.1,-0.01,199.23,19.92
192,Exit long,2025-04-02 19:00:00,Close entry(s) order Long,1.7238,1000,1716,4.7,0.44,5.55,0.52,-0.1,-0.01,203.93,20.39
192,Entry long,2025-04-02 13:00:00,Long,1.716,1000,1716,4.7,0.44,5.55,0.52,-0.1,-0.01,203.93,20.39
193,Exit long,2025-04-03 00:00:00,Close entry(s) order Long,1.7394,1000,1734,3.2,0.29,4.06,0.37,-0.1,-0.01,207.14,20.71
193,Entry long,2025-04-02 23:00:00,Long,1.734,1000,1734,3.2,0.29,4.06,0.37,-0.1,-0.01,207.14,20.71
194,Exit long,2025-04-03 15:00:00,Close entry(s) order Long,1.7436,1000,1744.2,-0.58,-0.05,0.28,0.03,-0.48,-0.04,206.56,20.66
194,Entry long,2025-04-03 14:00:00,Long,1.7442,1000,1744.2,-0.58,-0.05,0.28,0.03,-0.48,-0.04,206.56,20.66
195,Exit long,2025-04-04 17:00:00,Close entry(s) order Long,1.8246,1000,1806,11.56,1.01,12.43,1.09,-0.1,-0.01,218.13,21.81
195,Entry long,2025-04-04 13:00:00,Long,1.806,1000,1806,11.56,1.01,12.43,1.09,-0.1,-0.01,218.13,21.81
196,Exit long,2025-04-07 00:00:00,Close entry(s) order Long,1.833,1000,1816.2,9.95,0.91,11.04,1.01,-0.1,-0.01,228.08,22.81
196,Entry long,2025-04-06 21:00:00,Long,1.8162,1000,1816.2,9.95,0.91,11.04,1.01,-0.1,-0.01,228.08,22.81
197,Exit long,2025-04-07 17:00:00,Close entry(s) order Long,1.836,1000,1831.8,2.34,0.21,3.16,0.29,-0.1,-0.01,230.41,23.04
197,Entry long,2025-04-07 16:00:00,Long,1.8318,1000,1831.8,2.34,0.21,3.16,0.29,-0.1,-0.01,230.41,23.04
198,Exit long,2025-04-07 19:00:00,Close entry(s) order Long,1.8294,1000,1827,1.25,0.11,2.08,0.19,-0.1,-0.01,231.66,23.17
198,Entry long,2025-04-07 18:00:00,Long,1.827,1000,1827,1.25,0.11,2.08,0.19,-0.1,-0.01,231.66,23.17
199,Exit short,2025-04-08 14:00:00,Close entry(s) order Short,1.803,1000,1805.4,1.24,0.11,2.06,0.19,-0.1,-0.01,232.91,23.29
199,Entry short,2025-04-08 13:00:00,Short,1.8054,1000,1805.4,1.24,0.11,2.06,0.19,-0.1,-0.01,232.91,23.29
200,Exit long,2025-04-09 01:00:00,Close entry(s) order Long,1.8462,1000,1816.8,17.32,1.60,18.13,1.68,-0.1,-0.01,250.22,25.02
200,Entry long,2025-04-08 16:00:00,Long,1.8168,1000,1816.8,17.32,1.60,18.13,1.68,-0.1,-0.01,250.22,25.02
201,Exit short,2025-04-09 14:00:00,Close entry(s) order Short,1.8258,1000,1834.8,5.16,0.47,5.98,0.55,-0.1,-0.01,255.39,25.54
201,Entry short,2025-04-09 13:00:00,Short,1.8348,1000,1834.8,5.16,0.47,5.98,0.55,-0.1,-0.01,255.39,25.54
202,Exit long,2025-04-09 16:00:00,Close entry(s) order Long,1.8396,1000,1833,3.73,0.34,4.55,0.42,-0.1,-0.01,259.12,25.91
202,Entry long,2025-04-09 14:00:00,Long,1.833,1000,1833,3.73,0.34,4.55,0.42,-0.1,-0.01,259.12,25.91
203,Exit short,2025-04-09 22:00:00,Close entry(s) order Short,1.7802,1000,1824,26.76,2.38,27.23,2.46,-0.1,-0.01,285.88,28.59
203,Entry short,2025-04-09 17:00:00,Short,1.824,1000,1824,26.76,2.38,27.23,2.46,-0.1,-0.01,285.88,28.59
204,Exit long,2025-04-10 14:00:00,Close entry(s) order Long,1.797,1000,1795.8,0.54,0.05,1.38,0.12,-0.1,-0.01,286.42,28.64
204,Entry long,2025-04-10 13:00:00,Long,1.7958,1000,1795.8,0.54,0.05,1.38,0.12,-0.1,-0.01,286.42,28.64
205,Exit long,2025-04-10 17:00:00,Close entry(s) order Long,1.806,1000,1801.8,2.39,0.22,3.22,0.29,-0.1,-0.01,288.81,28.88
205,Entry long,2025-04-10 15:00:00,Long,1.8018,1000,1801.8,2.39,0.22,3.22,0.29,-0.1,-0.01,288.81,28.88
206,Exit long,2025-04-11 01:00:00,Close entry(s) order Long,1.8186,1000,1803,9.51,0.85,10.35,0.92,-0.1,-0.01,298.31,29.83
206,Entry long,2025-04-10 22:00:00,Long,1.803,1000,1803,9.51,0.85,10.35,0.92,-0.1,-0.01,298.31,29.83
207,Exit short,2025-04-11 19:00:00,Close entry(s) order Short,1.8012,1000,1817.4,9.88,0.87,10.73,0.95,-0.1,-0.01,308.19,30.82
207,Entry short,2025-04-11 15:00:00,Short,1.8174,1000,1817.4,9.88,0.87,10.73,0.95,-0.1,-0.01,308.19,30.82
208,Exit short,2025-04-13 22:00:00,Close entry(s) order Short,1.7976,1000,1801.8,2.44,0.22,3.29,0.29,-0.1,-0.01,310.63,31.06
208,Entry short,2025-04-13 21:00:00,Short,1.8018,1000,1801.8,2.44,0.22,3.29,0.29,-0.1,-0.01,310.63,31.06
209,Exit short,2025-04-14 15:00:00,Close entry(s) order Short,1.7982,1000,1800,0.93,0.08,1.79,0.16,-0.1,-0.01,311.56,31.16
209,Entry short,2025-04-14 14:00:00,Short,1.8,1000,1800,0.93,0.08,1.79,0.16,-0.1,-0.01,311.56,31.16
210,Exit short,2025-04-15 14:00:00,Close entry(s) order Short,1.7766,1000,1776,-0.58,-0.05,0,0.00,-0.48,-0.04,310.98,31.10
210,Entry short,2025-04-15 14:00:00,Short,1.776,1000,1776,-0.58,-0.05,0,0.00,-0.48,-0.04,310.98,31.10
211,Exit short,2025-04-17 14:00:00,Close entry(s) order Short,1.7802,1000,1779.6,-0.59,-0.05,0,0.00,-0.48,-0.04,310.39,31.04
211,Entry short,2025-04-17 14:00:00,Short,1.7796,1000,1779.6,-0.59,-0.05,0,0.00,-0.48,-0.04,310.39,31.04
212,Exit long,2025-04-20 21:00:00,Close entry(s) order Long,1.7874,1000,1786.2,0.56,0.05,1.05,0.09,-0.1,-0.01,310.95,31.09
212,Entry long,2025-04-18 14:00:00,Long,1.7862,1000,1786.2,0.56,0.05,1.05,0.09,-0.1,-0.01,310.95,31.09
213,Exit long,2025-04-21 19:00:00,Close entry(s) order Long,1.7958,1000,1795.2,0.18,0.02,1.04,0.09,-0.1,-0.01,311.13,31.11
213,Entry long,2025-04-21 17:00:00,Long,1.7952,1000,1795.2,0.18,0.02,1.04,0.09,-0.1,-0.01,311.13,31.11
214,Exit short,2025-04-22 17:00:00,Close entry(s) order Short,1.7892,1000,1792.8,2.1,0.18,2.98,0.26,-0.1,-0.01,313.23,31.32
214,Entry short,2025-04-22 16:00:00,Short,1.7928,1000,1792.8,2.1,0.18,2.98,0.26,-0.1,-0.01,313.23,31.32
215,Exit short,2025-04-23 01:00:00,Close entry(s) order Short,1.782,1000,1788,3.61,0.32,4.48,0.39,-0.1,-0.01,316.84,31.68
215,Entry short,2025-04-22 21:00:00,Short,1.788,1000,1788,3.61,0.32,4.48,0.39,-0.1,-0.01,316.84,31.68
216,Exit short,2025-04-23 14:00:00,Close entry(s) order Short,1.7688,1000,1776.6,4.76,0.42,5.63,0.50,-0.1,-0.01,321.61,32.16
216,Entry short,2025-04-23 13:00:00,Short,1.7766,1000,1776.6,4.76,0.42,5.63,0.50,-0.1,-0.01,321.61,32.16
217,Exit short,2025-04-25 03:00:00,Close entry(s) order Short,1.773,1000,1777.8,2.87,0.25,3.36,0.29,-0.1,-0.01,324.48,32.45
217,Entry short,2025-04-24 14:00:00,Short,1.7778,1000,1777.8,2.87,0.25,3.36,0.29,-0.1,-0.01,324.48,32.45
218,Exit short,2025-04-27 23:00:00,Close entry(s) order Short,1.7766,1000,1776,-0.59,-0.05,0.59,0.05,-0.49,-0.04,323.89,32.39
218,Entry short,2025-04-25 19:00:00,Short,1.776,1000,1776,-0.59,-0.05,0.59,0.05,-0.49,-0.04,323.89,32.39
219,Exit short,2025-04-28 15:00:00,Close entry(s) order Short,1.773,1000,1774.2,0.56,0.05,1.43,0.13,-0.1,-0.01,324.45,32.45
219,Entry short,2025-04-28 13:00:00,Short,1.7742,1000,1774.2,0.56,0.05,1.43,0.13,-0.1,-0.01,324.45,32.45
220,Exit long,2025-04-29 17:00:00,Close entry(s) order Long,1.7844,1000,1780.2,2.5,0.22,3.37,0.29,-0.1,-0.01,326.95,32.69
220,Entry long,2025-04-29 13:00:00,Long,1.7802,1000,1780.2,2.5,0.22,3.37,0.29,-0.1,-0.01,326.95,32.69
221,Exit long,2025-04-30 14:00:00,Close entry(s) order Long,1.7862,1000,1785,0.56,0.05,1.43,0.13,-0.1,-0.01,327.51,32.75
221,Entry long,2025-04-30 13:00:00,Long,1.785,1000,1785,0.56,0.05,1.43,0.13,-0.1,-0.01,327.51,32.75
222,Exit short,2025-05-01 03:00:00,Close entry(s) order Short,1.764,1000,1771.8,4.79,0.42,5.66,0.50,-0.1,-0.01,332.3,33.23
222,Entry short,2025-04-30 19:00:00,Short,1.7718,1000,1771.8,4.79,0.42,5.66,0.50,-0.1,-0.01,332.3,33.23
223,Exit short,2025-05-01 15:00:00,Close entry(s) order Short,1.7688,1000,1770.6,0.95,0.08,1.82,0.16,-0.1,-0.01,333.25,33.32
223,Entry short,2025-05-01 14:00:00,Short,1.7706,1000,1770.6,0.95,0.08,1.82,0.16,-0.1,-0.01,333.25,33.32
224,Exit short,2025-05-04 23:00:00,Close entry(s) order Short,1.7532,1000,1757.4,2.5,0.22,3.38,0.30,-0.1,-0.01,335.75,33.58
224,Entry short,2025-05-02 16:00:00,Short,1.7574,1000,1757.4,2.5,0.22,3.38,0.30,-0.1,-0.01,335.75,33.58
225,Exit short,2025-05-06 17:00:00,Close entry(s) order Short,1.7502,1000,1752,0.96,0.08,1.84,0.16,-0.1,-0.01,336.71,33.67
225,Entry short,2025-05-06 14:00:00,Short,1.752,1000,1752,0.96,0.08,1.84,0.16,-0.1,-0.01,336.71,33.67
226,Exit long,2025-05-07 23:00:00,Close entry(s) order Long,1.7586,1000,1756.2,1.34,0.12,2.21,0.20,-0.12,-0.01,338.05,33.81
226,Entry long,2025-05-07 14:00:00,Long,1.7562,1000,1756.2,1.34,0.12,2.21,0.20,-0.12,-0.01,338.05,33.81
227,Exit long,2025-05-09 02:00:00,Close entry(s) order Long,1.7556,1000,1755,0.18,0.02,1.05,0.09,-0.1,-0.01,338.23,33.82
227,Entry long,2025-05-08 23:00:00,Long,1.755,1000,1755,0.18,0.02,1.05,0.09,-0.1,-0.01,338.23,33.82
228,Exit short,2025-05-11 22:00:00,Close entry(s) order Short,1.7478,1000,1752,2.49,0.22,3.36,0.30,-0.1,-0.01,340.72,34.07
228,Entry short,2025-05-11 21:00:00,Short,1.752,1000,1752,2.49,0.22,3.36,0.30,-0.1,-0.01,340.72,34.07
229,Exit short,2025-05-13 21:00:00,Close entry(s) order Short,1.728,1000,1729.8,0.96,0.09,2.14,0.19,-0.1,-0.01,341.69,34.17
229,Entry short,2025-05-13 14:00:00,Short,1.7298,1000,1729.8,0.96,0.09,2.14,0.19,-0.1,-0.01,341.69,34.17
230,Exit long,2025-05-14 22:00:00,Close entry(s) order Long,1.7382,1000,1737,0.57,0.05,1.33,0.12,-0.1,-0.01,342.26,34.23
230,Entry long,2025-05-14 15:00:00,Long,1.737,1000,1737,0.57,0.05,1.33,0.12,-0.1,-0.01,342.26,34.23
231,Exit short,2025-05-16 20:00:00,Close entry(s) order Short,1.7418,1000,1741.8,-0.2,-0.02,0.67,0.06,-0.1,-0.01,342.06,34.21
231,Entry short,2025-05-16 18:00:00,Short,1.7418,1000,1741.8,-0.2,-0.02,0.67,0.06,-0.1,-0.01,342.06,34.21
232,Exit short,2025-05-20 01:00:00,Close entry(s) order Short,1.7418,1000,1743,0.57,0.05,1.63,0.14,-0.1,-0.01,342.63,34.26
232,Entry short,2025-05-19 15:00:00,Short,1.743,1000,1743,0.57,0.05,1.63,0.14,-0.1,-0.01,342.63,34.26
233,Exit long,2025-05-20 15:00:00,Close entry(s) order Long,1.7586,1000,1757.4,0.57,0.05,1.45,0.13,-0.1,-0.01,343.2,34.32
233,Entry long,2025-05-20 14:00:00,Long,1.7574,1000,1757.4,0.57,0.05,1.45,0.13,-0.1,-0.01,343.2,34.32
234,Exit short,2025-05-21 17:00:00,Close entry(s) order Short,1.7556,1000,1755,-0.59,-0.05,0,0.00,-0.49,-0.04,342.61,34.26
234,Entry short,2025-05-21 17:00:00,Short,1.755,1000,1755,-0.59,-0.05,0,0.00,-0.49,-0.04,342.61,34.26
235,Exit short,2025-05-22 19:00:00,Close entry(s) order Short,1.7586,1000,1758,-0.59,-0.05,0,0.00,-0.49,-0.04,342.02,34.20
235,Entry short,2025-05-22 19:00:00,Short,1.758,1000,1758,-0.59,-0.05,0,0.00,-0.49,-0.04,342.02,34.20
236,Exit long,2025-05-27 15:00:00,Close entry(s) order Long,1.7604,1000,1761,-0.59,-0.05,0,0.00,-0.49,-0.04,341.43,34.14
236,Entry long,2025-05-27 15:00:00,Long,1.761,1000,1761,-0.59,-0.05,0,0.00,-0.49,-0.04,341.43,34.14
237,Exit short,2025-05-29 01:00:00,Close entry(s) order Short,1.7502,1000,1757.4,4.42,0.39,5.3,0.47,-0.67,-0.06,345.85,34.59
237,Entry short,2025-05-28 22:00:00,Short,1.7574,1000,1757.4,4.42,0.39,5.3,0.47,-0.67,-0.06,345.85,34.59
238,Exit long,2025-05-29 15:00:00,Close entry(s) order Long,1.7628,1000,1759.2,2.11,0.19,2.6,0.23,-0.1,-0.01,347.96,34.80
238,Entry long,2025-05-29 13:00:00,Long,1.7592,1000,1759.2,2.11,0.19,2.6,0.23,-0.1,-0.01,347.96,34.80
239,Exit short,2025-06-04 00:00:00,Close entry(s) order Short,1.7604,1000,1763.4,1.73,0.15,2.99,0.26,-0.1,-0.01,349.69,34.97
239,Entry short,2025-06-03 14:00:00,Short,1.7634,1000,1763.4,1.73,0.15,2.99,0.26,-0.1,-0.01,349.69,34.97
240,Exit short,2025-06-09 00:00:00,Close entry(s) order Short,1.7544,1000,1755,0.18,0.02,0.68,0.06,-0.79,-0.07,349.88,34.99
240,Entry short,2025-06-06 18:00:00,Short,1.755,1000,1755,0.18,0.02,0.68,0.06,-0.79,-0.07,349.88,34.99
241,Exit long,2025-06-12 03:00:00,Close entry(s) order Long,1.7724,1000,1759.2,8.37,0.73,9.26,0.81,-0.1,-0.01,358.25,35.83
241,Entry long,2025-06-11 14:00:00,Long,1.7592,1000,1759.2,8.37,0.73,9.26,0.81,-0.1,-0.01,358.25,35.83
242,Exit long,2025-06-13 01:00:00,Close entry(s) order Long,1.7832,1000,1777.2,3.71,0.32,4.6,0.40,-0.1,-0.01,361.96,36.20
242,Entry long,2025-06-12 23:00:00,Long,1.7772,1000,1777.2,3.71,0.32,4.6,0.40,-0.1,-0.01,361.96,36.20
243,Exit short,2025-06-13 17:00:00,Close entry(s) order Short,1.7754,1000,1774.8,-0.6,-0.05,0.29,0.02,-0.5,-0.04,361.36,36.14
243,Entry short,2025-06-13 16:00:00,Short,1.7748,1000,1774.8,-0.6,-0.05,0.29,0.02,-0.5,-0.04,361.36,36.14
244,Exit short,2025-06-16 20:00:00,Close entry(s) order Short,1.7712,1000,1773.6,1.35,0.12,2.23,0.19,-0.1,-0.01,362.71,36.27
244,Entry short,2025-06-16 14:00:00,Short,1.7736,1000,1773.6,1.35,0.12,2.23,0.19,-0.1,-0.01,362.71,36.27
245,Exit short,2025-06-19 00:00:00,Close entry(s) order Short,1.7652,1000,1767.6,1.36,0.12,2.36,0.20,-0.1,-0.01,364.07,36.41
245,Entry short,2025-06-18 14:00:00,Short,1.7676,1000,1767.6,1.36,0.12,2.36,0.20,-0.1,-0.01,364.07,36.41
246,Exit long,2025-06-22 22:00:00,Close entry(s) order Long,1.785,1000,1777.8,4.44,0.39,5.34,0.46,-0.1,-0.01,368.5,36.85
246,Entry long,2025-06-20 13:00:00,Long,1.7778,1000,1777.8,4.44,0.39,5.34,0.46,-0.1,-0.01,368.5,36.85
247,Exit long,2025-06-23 17:00:00,Close entry(s) order Long,1.7964,1000,1797,-0.6,-0.05,0.28,0.02,-0.49,-0.04,367.91,36.79
247,Entry long,2025-06-23 16:00:00,Long,1.797,1000,1797,-0.6,-0.05,0.28,0.02,-0.49,-0.04,367.91,36.79
248,Exit long,2025-06-25 02:00:00,Close entry(s) order Long,1.788,1000,1785.6,1.35,0.12,2.23,0.19,-0.1,-0.01,369.26,36.93
248,Entry long,2025-06-24 15:00:00,Long,1.7856,1000,1785.6,1.35,0.12,2.23,0.19,-0.1,-0.01,369.26,36.93
249,Exit short,2025-06-26 17:00:00,Close entry(s) order Short,1.7886,1000,1789.2,0.18,0.02,0.68,0.06,-0.1,-0.01,369.44,36.94
249,Entry short,2025-06-26 14:00:00,Short,1.7892,1000,1789.2,0.18,0.02,0.68,0.06,-0.1,-0.01,369.44,36.94
250,Exit long,2025-06-27 15:00:00,Close entry(s) order Long,1.7952,1000,1795.8,-0.6,-0.05,0.29,0.02,-0.5,-0.04,368.83,36.88
250,Entry long,2025-06-27 13:00:00,Long,1.7958,1000,1795.8,-0.6,-0.05,0.29,0.02,-0.5,-0.04,368.83,36.88
251,Exit short,2025-07-01 20:00:00,Close entry(s) order Short,1.7928,1000,1792.2,-0.61,-0.05,0,0.00,-0.5,-0.04,368.23,36.82
251,Entry short,2025-07-01 19:00:00,Short,1.7922,1000,1792.2,-0.61,-0.05,0,0.00,-0.5,-0.04,368.23,36.82
252,Exit short,2025-07-04 01:00:00,Close entry(s) order Short,1.7898,1000,1790.4,0.18,0.02,1.22,0.10,-0.11,-0.01,368.41,36.84
252,Entry short,2025-07-03 15:00:00,Short,1.7904,1000,1790.4,0.18,0.02,1.22,0.10,-0.11,-0.01,368.41,36.84
253,Exit long,2025-07-08 00:00:00,Close entry(s) order Long,1.8042,1000,1804.8,-0.6,-0.05,0,0.00,-0.49,-0.04,367.81,36.78
253,Entry long,2025-07-07 23:00:00,Long,1.8048,1000,1804.8,-0.6,-0.05,0,0.00,-0.49,-0.04,367.81,36.78
254,Exit short,2025-07-09 14:00:00,Close entry(s) order Short,1.791,1000,1790.4,-0.6,-0.05,0.29,0.02,-0.5,-0.04,367.21,36.72
254,Entry short,2025-07-09 13:00:00,Short,1.7904,1000,1790.4,-0.6,-0.05,0.29,0.02,-0.5,-0.04,367.21,36.72
255,Exit short,2025-07-10 21:00:00,Close entry(s) order Short,1.7766,1000,1785.6,5.72,0.49,6.56,0.56,-0.11,-0.01,372.93,37.29
255,Entry short,2025-07-10 14:00:00,Short,1.7856,1000,1785.6,5.72,0.49,6.56,0.56,-0.11,-0.01,372.93,37.29
256,Exit long,2025-07-15 02:00:00,Close entry(s) order Long,1.782,1000,1782,-0.21,-0.02,0.29,0.02,-0.63,-0.05,372.72,37.27
256,Entry long,2025-07-14 23:00:00,Long,1.782,1000,1782,-0.21,-0.02,0.29,0.02,-0.63,-0.05,372.72,37.27
257,Exit long,2025-07-16 23:00:00,Close entry(s) order Long,1.7832,1000,1783.2,-0.21,-0.02,0.29,0.02,-0.5,-0.04,372.51,37.25
257,Entry long,2025-07-16 17:00:00,Long,1.7832,1000,1783.2,-0.21,-0.02,0.29,0.02,-0.5,-0.04,372.51,37.25
258,Exit long,2025-07-22 04:00:00,Close entry(s) order Long,1.7928,1000,1790.4,1.36,0.12,1.85,0.16,-0.1,-0.01,373.86,37.39
258,Entry long,2025-07-21 14:00:00,Long,1.7904,1000,1790.4,1.36,0.12,1.85,0.16,-0.1,-0.01,373.86,37.39
259,Exit long,2025-07-25 11:00:00,Close entry(s) order Long,1.7868,1000,1782,2.95,0.25,3.94,0.34,-0.11,-0.01,376.82,37.68
259,Entry long,2025-07-24 15:00:00,Long,1.782,1000,1782,2.95,0.25,3.94,0.34,-0.11,-0.01,376.82,37.68
260,Exit short,2025-07-29 00:00:00,Close entry(s) order Short,1.7778,1000,1782.6,2.92,0.25,3.81,0.33,-0.11,-0.01,379.74,37.97
260,Entry short,2025-07-28 15:00:00,Short,1.7826,1000,1782.6,2.92,0.25,3.81,0.33,-0.11,-0.01,379.74,37.97
261,Exit short,2025-07-29 19:00:00,Close entry(s) order Short,1.7724,1000,1773,0.18,0.02,1.07,0.09,-0.1,-0.01,379.92,37.99
261,Entry short,2025-07-29 14:00:00,Short,1.773,1000,1773,0.18,0.02,1.07,0.09,-0.1,-0.01,379.92,37.99
262,Exit long,2025-08-03 22:00:00,Close entry(s) order Long,1.7922,1000,1782,6.39,0.55,7.27,0.63,-0.1,-0.01,386.31,38.63
262,Entry long,2025-08-01 13:00:00,Long,1.782,1000,1782,6.39,0.55,7.27,0.63,-0.1,-0.01,386.31,38.63
263,Exit long,2025-08-04 21:00:00,Close entry(s) order Long,1.7892,1000,1788.6,0.18,0.02,1.06,0.09,-0.1,-0.01,386.49,38.65
263,Entry long,2025-08-04 15:00:00,Long,1.7886,1000,1788.6,0.18,0.02,1.06,0.09,-0.1,-0.01,386.49,38.65
264,Exit long,2025-08-07 01:00:00,Close entry(s) order Long,1.7928,1000,1787.4,3.3,0.28,4.19,0.36,-0.1,-0.01,389.79,38.98
264,Entry long,2025-08-06 13:00:00,Long,1.7874,1000,1787.4,3.3,0.28,4.19,0.36,-0.1,-0.01,389.79,38.98
265,Exit long,2025-08-07 18:00:00,Close entry(s) order Long,1.7892,1000,1789.8,-0.6,-0.05,0.29,0.02,-0.49,-0.04,389.19,38.92
265,Entry long,2025-08-07 15:00:00,Long,1.7898,1000,1789.8,-0.6,-0.05,0.29,0.02,-0.49,-0.04,389.19,38.92
266,Exit short,2025-08-12 04:00:00,Close entry(s) order Short,1.7832,1000,1783.2,-0.21,-0.02,0.68,0.06,-0.3,-0.03,388.98,38.90
266,Entry short,2025-08-11 14:00:00,Short,1.7832,1000,1783.2,-0.21,-0.02,0.68,0.06,-0.3,-0.03,388.98,38.90
267,Exit long,2025-08-14 17:00:00,Close entry(s) order Long,1.7934,1000,1793.4,-0.21,-0.02,0.68,0.06,-0.11,-0.01,388.77,38.88
267,Entry long,2025-08-14 13:00:00,Long,1.7934,1000,1793.4,-0.21,-0.02,0.68,0.06,-0.11,-0.01,388.77,38.88
268,Exit long,2025-08-19 00:00:00,Close entry(s) order Long,1.7964,1000,1797,-0.6,-0.05,0.29,0.02,-0.5,-0.04,388.17,38.82
268,Entry long,2025-08-18 14:00:00,Long,1.797,1000,1797,-0.6,-0.05,0.29,0.02,-0.5,-0.04,388.17,38.82
269,Exit long,2025-08-20 19:00:00,Close entry(s) order Long,1.812,1000,1811.4,0.18,0.02,1.43,0.12,-0.11,-0.01,388.35,38.83
269,Entry long,2025-08-20 13:00:00,Long,1.8114,1000,1811.4,0.18,0.02,1.43,0.12,-0.11,-0.01,388.35,38.83
270,Exit short,2025-08-26 00:00:00,Close entry(s) order Short,1.7934,1000,1794.6,0.57,0.05,1.65,0.14,-0.1,-0.01,388.92,38.89
270,Entry short,2025-08-25 18:00:00,Short,1.7946,1000,1794.6,0.57,0.05,1.65,0.14,-0.1,-0.01,388.92,38.89
271,Exit short,2025-08-27 20:00:00,Close entry(s) order Short,1.788,1000,1789.8,0.96,0.08,1.84,0.16,-0.1,-0.01,389.88,38.99
271,Entry short,2025-08-27 14:00:00,Short,1.7898,1000,1789.8,0.96,0.08,1.84,0.16,-0.1,-0.01,389.88,38.99
272,Exit short,2025-09-02 01:00:00,Close entry(s) order Short,1.7868,1000,1786.2,-0.6,-0.05,0.29,0.02,-0.5,-0.04,389.27,38.93
272,Entry short,2025-09-01 15:00:00,Short,1.7862,1000,1786.2,-0.6,-0.05,0.29,0.02,-0.5,-0.04,389.27,38.93
273,Exit long,2025-09-05 20:00:00,Close entry(s) order Long,1.7886,1000,1787.4,0.57,0.05,1.76,0.15,-0.1,-0.01,389.85,38.98
273,Entry long,2025-09-05 14:00:00,Long,1.7874,1000,1787.4,0.57,0.05,1.76,0.15,-0.1,-0.01,389.85,38.98
274,Exit short,2025-09-10 21:00:00,Close entry(s) order Short,1.7688,1000,1769.4,0.19,0.02,1.08,0.09,-0.1,-0.01,390.03,39.00
274,Entry short,2025-09-10 13:00:00,Short,1.7694,1000,1769.4,0.19,0.02,1.08,0.09,-0.1,-0.01,390.03,39.00
275,Exit long,2025-09-22 16:00:00,Close entry(s) order Long,1.7868,1000,1786.8,-0.21,-0.02,0,0.00,-0.5,-0.04,389.82,38.98
275,Entry long,2025-09-22 14:00:00,Long,1.7868,1000,1786.8,-0.21,-0.02,0,0.00,-0.5,-0.04,389.82,38.98
276,Exit short,2025-09-30 05:00:00,Close entry(s) order Short,1.7766,1000,1785,5.31,0.45,6.21,0.53,-0.11,-0.01,395.14,39.51
276,Entry short,2025-09-29 14:00:00,Short,1.785,1000,1785,5.31,0.45,6.21,0.53,-0.11,-0.01,395.14,39.51