Trade #,Type,Date and time,Signal,Price USD,Size (qty),Size (value),Net P&L USD,Net P&L %,Favorable excursion USD,Favorable excursion %,Adverse excursion USD,Adverse excursion %,Cumulative P&L USD,Cumulative P&L %
1,Exit long,2024-05-07 15:00:00,SL,63750,0.001,64.05,-0.31,-0.48,0,0.00,-0.3,-0.47,-0.31,-0.03
1,Entry long,2024-05-07 14:00:00,Long,64050,0.001,64.05,-0.31,-0.48,0,0.00,-0.3,-0.47,-0.31,-0.03
2,Exit long,2024-05-14 02:00:00,SL,62550,0.001,62.85,-0.31,-0.49,0.3,0.47,-0.3,-0.48,-0.61,-0.06
2,Entry long,2024-05-13 09:00:00,Long,62850,0.001,62.85,-0.31,-0.49,0.3,0.47,-0.3,-0.48,-0.61,-0.06
3,Exit long,2024-05-15 13:00:00,TP,63900,0.001,63.15,0.74,1.18,0.75,1.18,-0.003,0.00,0.13,0.01
3,Entry long,2024-05-15 12:00:00,Long,63150,0.001,63.15,0.74,1.18,0.75,1.18,-0.003,0.00,0.13,0.01
4,Exit long,2024-05-16 14:00:00,SL,65700,0.001,66,-0.31,-0.46,0,0.00,-0.3,-0.46,-0.17,-0.02
4,Entry long,2024-05-16 14:00:00,Long,66000,0.001,66,-0.31,-0.46,0,0.00,-0.3,-0.46,-0.17,-0.02
5,Exit long,2024-05-17 13:00:00,SL,66000,0.001,66.3,-0.31,-0.46,0.15,0.22,-0.3,-0.46,-0.48,-0.05
5,Entry long,2024-05-17 07:00:00,Long,66300,0.001,66.3,-0.31,-0.46,0.15,0.22,-0.3,-0.46,-0.48,-0.05
6,Exit long,2024-05-19 19:00:00,SL,66300,0.001,66.6,-0.31,-0.46,0,0.00,-0.3,-0.46,-0.79,-0.08
6,Entry long,2024-05-19 18:00:00,Long,66600,0.001,66.6,-0.31,-0.46,0,0.00,-0.3,-0.46,-0.79,-0.08
7,Exit long,2024-05-20 06:00:00,SL,66750,0.001,67.05,-0.31,-0.46,0.05,0.08,-0.3,-0.45,-1.09,-0.11
7,Entry long,2024-05-20 04:00:00,Long,67050,0.001,67.05,-0.31,-0.46,0.05,0.08,-0.3,-0.45,-1.09,-0.11
8,Exit long,2024-05-24 23:00:00,SL,68550,0.001,68.85,-0.31,-0.44,0.15,0.21,-0.3,-0.44,-1.4,-0.14
8,Entry long,2024-05-24 17:00:00,Long,68850,0.001,68.85,-0.31,-0.44,0.15,0.21,-0.3,-0.44,-1.4,-0.14
9,Exit long,2024-05-27 15:00:00,TP,69900,0.001,69.15,0.74,1.08,0.75,1.08,-0.003,0.00,-0.65,-0.07
9,Entry long,2024-05-27 14:00:00,Long,69150,0.001,69.15,0.74,1.08,0.75,1.08,-0.003,0.00,-0.65,-0.07
10,Exit long,2024-05-30 19:00:00,SL,68700,0.001,69,-0.31,-0.44,0.34,0.49,-0.3,-0.44,-0.96,-0.10
10,Entry long,2024-05-30 17:00:00,Long,69000,0.001,69,-0.31,-0.44,0.34,0.49,-0.3,-0.44,-0.96,-0.10
11,Exit long,2024-06-03 13:00:00,TP,69750,0.001,69,0.74,1.08,0.75,1.08,-0.003,0.00,-0.22,-0.02
11,Entry long,2024-06-03 06:00:00,Long,69000,0.001,69,0.74,1.08,0.75,1.08,-0.003,0.00,-0.22,-0.02
12,Exit long,2024-06-04 15:00:00,TP,70350,0.001,69.6,0.74,1.07,0.75,1.07,-0.003,0.00,0.53,0.05
12,Entry long,2024-06-04 14:00:00,Long,69600,0.001,69.6,0.74,1.07,0.75,1.07,-0.003,0.00,0.53,0.05
13,Exit long,2024-06-07 15:00:00,SL,71100,0.001,71.4,-0.31,-0.43,0.15,0.21,-0.3,-0.42,0.22,0.02
13,Entry long,2024-06-07 11:00:00,Long,71400,0.001,71.4,-0.31,-0.43,0.15,0.21,-0.3,-0.42,0.22,0.02
14,Exit long,2024-06-12 12:00:00,TP,69150,0.001,68.4,0.74,1.09,0.75,1.09,-0.003,0.00,0.96,0.10
14,Entry long,2024-06-12 12:00:00,Long,68400,0.001,68.4,0.74,1.09,0.75,1.09,-0.003,0.00,0.96,0.10
15,Exit long,2024-06-17 19:00:00,SL,66750,0.001,67.05,-0.31,-0.46,0,0.00,-0.3,-0.45,0.66,0.07
15,Entry long,2024-06-17 18:00:00,Long,67050,0.001,67.05,-0.31,-0.46,0,0.00,-0.3,-0.45,0.66,0.07
16,Exit long,2024-06-25 05:00:00,SL,61050,0.001,61.35,-0.31,-0.50,0,0.00,-0.3,-0.49,0.35,0.04
16,Entry long,2024-06-25 04:00:00,Long,61350,0.001,61.35,-0.31,-0.50,0,0.00,-0.3,-0.49,0.35,0.04
17,Exit long,2024-06-28 07:00:00,SL,61350,0.001,61.65,-0.31,-0.50,0.3,0.48,-0.3,-0.49,0.05,0.00
17,Entry long,2024-06-27 13:00:00,Long,61650,0.001,61.65,-0.31,-0.50,0.3,0.48,-0.3,-0.49,0.05,0.00
18,Exit long,2024-06-30 22:00:00,TP,62550,0.001,61.8,0.74,1.20,0.75,1.21,-0.003,0.00,0.79,0.08
18,Entry long,2024-06-30 18:00:00,Long,61800,0.001,61.8,0.74,1.20,0.75,1.21,-0.003,0.00,0.79,0.08
19,Exit long,2024-07-01 21:00:00,SL,63150,0.001,63.45,-0.31,-0.48,0.13,0.21,-0.3,-0.48,0.48,0.05
19,Entry long,2024-07-01 17:00:00,Long,63450,0.001,63.45,-0.31,-0.48,0.13,0.21,-0.3,-0.48,0.48,0.05
20,Exit long,2024-07-05 15:00:00,TP,56550,0.001,55.8,0.74,1.33,0.75,1.34,-0.003,0.00,1.23,0.12
20,Entry long,2024-07-05 13:00:00,Long,55800,0.001,55.8,0.74,1.33,0.75,1.34,-0.003,0.00,1.23,0.12
21,Exit long,2024-07-06 16:00:00,TP,57750,0.001,57,0.74,1.31,0.75,1.31,-0.003,0.00,1.97,0.20
21,Entry long,2024-07-06 14:00:00,Long,57000,0.001,57,0.74,1.31,0.75,1.31,-0.003,0.00,1.97,0.20
22,Exit long,2024-07-08 08:00:00,TP,57600,0.001,56.85,0.74,1.31,0.75,1.31,-0.003,0.00,2.72,0.27
22,Entry long,2024-07-08 08:00:00,Long,56850,0.001,56.85,0.74,1.31,0.75,1.31,-0.003,0.00,2.72,0.27
23,Exit long,2024-07-09 16:00:00,TP,57600,0.001,56.85,0.74,1.31,0.75,1.31,-0.003,0.00,3.46,0.35
23,Entry long,2024-07-09 02:00:00,Long,56850,0.001,56.85,0.74,1.31,0.75,1.31,-0.003,0.00,3.46,0.35
24,Exit long,2024-07-11 14:00:00,SL,58200,0.001,58.5,-0.31,-0.52,0.3,0.51,-0.3,-0.52,3.16,0.32
24,Entry long,2024-07-11 11:00:00,Long,58500,0.001,58.5,-0.31,-0.52,0.3,0.51,-0.3,-0.52,3.16,0.32
25,Exit long,2024-07-13 22:00:00,TP,59250,0.001,58.5,0.74,1.27,0.75,1.28,-0.05,-0.08,3.9,0.39
25,Entry long,2024-07-13 09:00:00,Long,58500,0.001,58.5,0.74,1.27,0.75,1.28,-0.05,-0.08,3.9,0.39
26,Exit long,2024-07-15 01:00:00,TP,61350,0.001,60.6,0.74,1.23,0.75,1.23,-0.003,0.00,4.65,0.46
26,Entry long,2024-07-14 21:00:00,Long,60600,0.001,60.6,0.74,1.23,0.75,1.23,-0.003,0.00,4.65,0.46
27,Exit long,2024-07-15 22:00:00,TP,64200,0.001,63.45,0.74,1.17,0.75,1.18,-0.28,-0.45,5.39,0.54
27,Entry long,2024-07-15 16:00:00,Long,63450,0.001,63.45,0.74,1.17,0.75,1.18,-0.28,-0.45,5.39,0.54
28,Exit long,2024-07-17 00:00:00,TP,65400,0.001,64.65,0.74,1.15,0.75,1.16,-0.14,-0.22,6.14,0.61
28,Entry long,2024-07-16 15:00:00,Long,64650,0.001,64.65,0.74,1.15,0.75,1.16,-0.14,-0.22,6.14,0.61
29,Exit long,2024-07-19 16:00:00,TP,66150,0.001,65.4,0.74,1.14,0.75,1.14,-0.003,0.00,6.88,0.69
29,Entry long,2024-07-19 14:00:00,Long,65400,0.001,65.4,0.74,1.14,0.75,1.14,-0.003,0.00,6.88,0.69
30,Exit long,2024-07-21 06:00:00,SL,66900,0.001,67.2,-0.31,-0.46,0.3,0.44,-0.3,-0.45,6.57,0.66
30,Entry long,2024-07-20 17:00:00,Long,67200,0.001,67.2,-0.31,-0.46,0.3,0.44,-0.3,-0.45,6.57,0.66
31,Exit long,2024-07-23 04:00:00,SL,67350,0.001,67.65,-0.31,-0.45,0.49,0.72,-0.3,-0.45,6.27,0.63
31,Entry long,2024-07-22 19:00:00,Long,67650,0.001,67.65,-0.31,-0.45,0.49,0.72,-0.3,-0.45,6.27,0.63
32,Exit long,2024-07-26 02:00:00,TP,66900,0.001,66.15,0.74,1.12,0.75,1.13,-0.003,0.00,7.01,0.70
32,Entry long,2024-07-26 00:00:00,Long,66150,0.001,66.15,0.74,1.12,0.75,1.13,-0.003,0.00,7.01,0.70
33,Exit long,2024-07-27 13:00:00,TP,69000,0.001,68.25,0.74,1.09,0.75,1.09,-0.003,0.00,7.75,0.78
33,Entry long,2024-07-27 12:00:00,Long,68250,0.001,68.25,0.74,1.09,0.75,1.09,-0.003,0.00,7.75,0.78
34,Exit long,2024-07-27 23:00:00,SL,68550,0.001,68.85,-0.31,-0.44,0,0.00,-0.3,-0.44,7.45,0.74
34,Entry long,2024-07-27 21:00:00,Long,68850,0.001,68.85,-0.31,-0.44,0,0.00,-0.3,-0.44,7.45,0.74
35,Exit long,2024-07-29 02:00:00,TP,69300,0.001,68.55,0.74,1.08,0.75,1.09,-0.003,0.00,8.19,0.82
35,Entry long,2024-07-29 00:00:00,Long,68550,0.001,68.55,0.74,1.08,0.75,1.09,-0.003,0.00,8.19,0.82
36,Exit long,2024-08-02 02:00:00,SL,64500,0.001,64.8,-0.31,-0.47,0.45,0.69,-0.3,-0.47,7.89,0.79
36,Entry long,2024-08-01 21:00:00,Long,64800,0.001,64.8,-0.31,-0.47,0.45,0.69,-0.3,-0.47,7.89,0.79
37,Exit long,2024-08-05 14:00:00,TP,52650,0.001,51.9,0.75,1.44,0.75,1.44,-0.002,0.00,8.63,0.86
37,Entry long,2024-08-05 13:00:00,Long,51900,0.001,51.9,0.75,1.44,0.75,1.44,-0.002,0.00,8.63,0.86
38,Exit long,2024-08-05 23:00:00,SL,54150,0.001,54.45,-0.3,-0.56,0.15,0.27,-0.3,-0.56,8.33,0.83
38,Entry long,2024-08-05 22:00:00,Long,54450,0.001,54.45,-0.3,-0.56,0.15,0.27,-0.3,-0.56,8.33,0.83
39,Exit long,2024-08-06 16:00:00,TP,56550,0.001,55.8,0.74,1.33,0.75,1.34,-0.003,0.00,9.07,0.91
39,Entry long,2024-08-06 14:00:00,Long,55800,0.001,55.8,0.74,1.33,0.75,1.34,-0.003,0.00,9.07,0.91
40,Exit long,2024-08-08 12:00:00,TP,57600,0.001,56.85,0.74,1.31,0.75,1.31,-0.003,0.00,9.82,0.98
40,Entry long,2024-08-08 01:00:00,Long,56850,0.001,56.85,0.74,1.31,0.75,1.31,-0.003,0.00,9.82,0.98
41,Exit long,2024-08-08 13:00:00,SL,57450,0.001,57.75,-0.31,-0.53,0.15,0.26,-0.3,-0.52,9.51,0.95
41,Entry long,2024-08-08 12:00:00,Long,57750,0.001,57.75,-0.31,-0.53,0.15,0.26,-0.3,-0.52,9.51,0.95
42,Exit long,2024-08-12 16:00:00,SL,59850,0.001,60.15,-0.31,-0.51,0.15,0.24,-0.3,-0.50,9.2,0.92
42,Entry long,2024-08-12 14:00:00,Long,60150,0.001,60.15,-0.31,-0.51,0.15,0.24,-0.3,-0.50,9.2,0.92
43,Exit long,2024-08-13 16:00:00,TP,60750,0.001,60,0.74,1.24,0.75,1.25,-0.003,0.00,9.95,0.99
43,Entry long,2024-08-13 16:00:00,Long,60000,0.001,60,0.74,1.24,0.75,1.25,-0.003,0.00,9.95,0.99
44,Exit long,2024-08-18 02:00:00,TP,59850,0.001,59.1,0.74,1.26,0.75,1.26,-0.15,-0.26,10.69,1.07
44,Entry long,2024-08-16 17:00:00,Long,59100,0.001,59.1,0.74,1.26,0.75,1.26,-0.15,-0.26,10.69,1.07
45,Exit long,2024-08-20 00:00:00,TP,60300,0.001,59.55,0.74,1.25,0.75,1.25,-0.003,0.00,11.44,1.14
45,Entry long,2024-08-20 00:00:00,Long,59550,0.001,59.55,0.74,1.25,0.75,1.25,-0.003,0.00,11.44,1.14
46,Exit long,2024-08-21 19:00:00,TP,60900,0.001,60.15,0.74,1.24,0.75,1.24,-0.003,0.00,12.18,1.22
46,Entry long,2024-08-21 18:00:00,Long,60150,0.001,60.15,0.74,1.24,0.75,1.24,-0.003,0.00,12.18,1.22
47,Exit long,2024-08-22 12:00:00,SL,61050,0.001,61.35,-0.31,-0.50,0,0.00,-0.3,-0.49,11.88,1.19
47,Entry long,2024-08-22 10:00:00,Long,61350,0.001,61.35,-0.31,-0.50,0,0.00,-0.3,-0.49,11.88,1.19
48,Exit long,2024-08-23 17:00:00,TP,62250,0.001,61.5,0.74,1.21,0.75,1.21,-0.003,0.00,12.62,1.26
48,Entry long,2024-08-23 15:00:00,Long,61500,0.001,61.5,0.74,1.21,0.75,1.21,-0.003,0.00,12.62,1.26
49,Exit long,2024-08-29 18:00:00,SL,59850,0.001,60.15,-0.31,-0.51,0.65,1.08,-0.3,-0.50,12.32,1.23
49,Entry long,2024-08-29 12:00:00,Long,60150,0.001,60.15,-0.31,-0.51,0.65,1.08,-0.3,-0.50,12.32,1.23
50,Exit long,2024-09-03 04:00:00,SL,59100,0.001,59.4,-0.31,-0.51,0,0.00,-0.3,-0.51,12.01,1.20
50,Entry long,2024-09-03 01:00:00,Long,59400,0.001,59.4,-0.31,-0.51,0,0.00,-0.3,-0.51,12.01,1.20
51,Exit long,2024-09-09 05:00:00,SL,54750,0.001,55.05,-0.31,-0.55,0.07,0.14,-0.3,-0.55,11.71,1.17
51,Entry long,2024-09-09 00:00:00,Long,55050,0.001,55.05,-0.31,-0.55,0.07,0.14,-0.3,-0.55,11.71,1.17
52,Exit long,2024-09-11 01:00:00,SL,57300,0.001,57.6,-0.31,-0.53,0.3,0.52,-0.3,-0.53,11.4,1.14
52,Entry long,2024-09-10 18:00:00,Long,57600,0.001,57.6,-0.31,-0.53,0.3,0.52,-0.3,-0.53,11.4,1.14
53,Exit long,2024-09-12 17:00:00,TP,58350,0.001,57.6,0.74,1.29,0.75,1.30,-0.26,-0.46,12.14,1.21
53,Entry long,2024-09-11 17:00:00,Long,57600,0.001,57.6,0.74,1.29,0.75,1.30,-0.26,-0.46,12.14,1.21
54,Exit long,2024-09-17 15:00:00,TP,60450,0.001,59.7,0.74,1.25,0.75,1.25,-0.003,0.00,12.89,1.29
54,Entry long,2024-09-17 14:00:00,Long,59700,0.001,59.7,0.74,1.25,0.75,1.25,-0.003,0.00,12.89,1.29
55,Exit long,2024-09-18 19:00:00,SL,60300,0.001,60.6,-0.31,-0.50,0,0.00,-0.3,-0.50,12.58,1.26
55,Entry long,2024-09-18 18:00:00,Long,60600,0.001,60.6,-0.31,-0.50,0,0.00,-0.3,-0.50,12.58,1.26
56,Exit long,2024-09-19 17:00:00,TP,63600,0.001,62.85,0.74,1.18,0.75,1.19,-0.003,0.00,13.33,1.33
56,Entry long,2024-09-19 12:00:00,Long,62850,0.001,62.85,0.74,1.18,0.75,1.19,-0.003,0.00,13.33,1.33
57,Exit long,2024-09-23 13:00:00,SL,63300,0.001,63.6,-0.31,-0.48,0.6,0.94,-0.3,-0.48,13.02,1.30
57,Entry long,2024-09-22 22:00:00,Long,63600,0.001,63.6,-0.31,-0.48,0.6,0.94,-0.3,-0.48,13.02,1.30
58,Exit long,2024-09-26 15:00:00,TP,64800,0.001,64.05,0.74,1.16,0.75,1.17,-0.003,0.00,13.77,1.38
58,Entry long,2024-09-26 10:00:00,Long,64050,0.001,64.05,0.74,1.16,0.75,1.17,-0.003,0.00,13.77,1.38
59,Exit long,2024-10-03 08:00:00,SL,60450,0.001,60.75,-0.31,-0.50,0,0.00,-0.3,-0.50,13.46,1.35
59,Entry long,2024-10-03 08:00:00,Long,60750,0.001,60.75,-0.31,-0.50,0,0.00,-0.3,-0.50,13.46,1.35
60,Exit long,2024-10-04 16:00:00,TP,62250,0.001,61.5,0.74,1.21,0.75,1.21,-0.15,-0.25,14.2,1.42
60,Entry long,2024-10-04 12:00:00,Long,61500,0.001,61.5,0.74,1.21,0.75,1.21,-0.15,-0.25,14.2,1.42
61,Exit long,2024-10-11 15:00:00,TP,62250,0.001,61.5,0.74,1.21,0.75,1.21,-0.003,0.00,14.95,1.49
61,Entry long,2024-10-11 13:00:00,Long,61500,0.001,61.5,0.74,1.21,0.75,1.21,-0.003,0.00,14.95,1.49
62,Exit long,2024-10-14 03:00:00,TP,64200,0.001,63.45,0.74,1.17,0.75,1.18,-0.003,0.00,15.69,1.57
62,Entry long,2024-10-14 03:00:00,Long,63450,0.001,63.45,0.74,1.17,0.75,1.18,-0.003,0.00,15.69,1.57
63,Exit long,2024-10-14 14:00:00,TP,65550,0.001,64.8,0.74,1.15,0.75,1.15,-0.003,0.00,16.44,1.64
63,Entry long,2024-10-14 10:00:00,Long,64800,0.001,64.8,0.74,1.15,0.75,1.15,-0.003,0.00,16.44,1.64
64,Exit long,2024-10-15 13:00:00,TP,67050,0.001,66.3,0.74,1.12,0.75,1.13,-0.003,0.00,17.18,1.72
64,Entry long,2024-10-15 13:00:00,Long,66300,0.001,66.3,0.74,1.12,0.75,1.13,-0.003,0.00,17.18,1.72
65,Exit long,2024-10-15 14:00:00,SL,66750,0.001,67.05,-0.31,-0.46,0.45,0.67,-0.3,-0.45,16.87,1.69
65,Entry long,2024-10-15 13:00:00,Long,67050,0.001,67.05,-0.31,-0.46,0.45,0.67,-0.3,-0.45,16.87,1.69
66,Exit long,2024-10-17 11:00:00,SL,66900,0.001,67.2,-0.31,-0.46,0.66,0.97,-0.3,-0.45,16.57,1.66
66,Entry long,2024-10-16 01:00:00,Long,67200,0.001,67.2,-0.31,-0.46,0.66,0.97,-0.3,-0.45,16.57,1.66
67,Exit long,2024-10-18 14:00:00,TP,68250,0.001,67.5,0.74,1.10,0.75,1.11,-0.003,0.00,17.31,1.73
67,Entry long,2024-10-18 01:00:00,Long,67500,0.001,67.5,0.74,1.10,0.75,1.11,-0.003,0.00,17.31,1.73
68,Exit long,2024-10-25 04:00:00,SL,67800,0.001,68.1,-0.31,-0.45,0.15,0.22,-0.3,-0.45,17.01,1.70
68,Entry long,2024-10-24 19:00:00,Long,68100,0.001,68.1,-0.31,-0.45,0.15,0.22,-0.3,-0.45,17.01,1.70
69,Exit long,2024-10-28 18:00:00,TP,69000,0.001,68.25,0.74,1.09,0.75,1.09,-0.003,0.00,17.75,1.77
69,Entry long,2024-10-28 07:00:00,Long,68250,0.001,68.25,0.74,1.09,0.75,1.09,-0.003,0.00,17.75,1.77
70,Exit long,2024-10-29 18:00:00,TP,72900,0.001,72.15,0.74,1.03,0.75,1.03,-0.003,0.00,18.49,1.85
70,Entry long,2024-10-29 15:00:00,Long,72150,0.001,72.15,0.74,1.03,0.75,1.03,-0.003,0.00,18.49,1.85
71,Exit long,2024-10-30 21:00:00,SL,72450,0.001,72.75,-0.31,-0.42,0,0.00,-0.3,-0.42,18.19,1.82
71,Entry long,2024-10-30 20:00:00,Long,72750,0.001,72.75,-0.31,-0.42,0,0.00,-0.3,-0.42,18.19,1.82
72,Exit long,2024-11-05 13:00:00,TP,69900,0.001,69.15,0.74,1.08,0.75,1.08,-0.003,0.00,18.93,1.89
72,Entry long,2024-11-05 13:00:00,Long,69150,0.001,69.15,0.74,1.08,0.75,1.08,-0.003,0.00,18.93,1.89
73,Exit long,2024-11-05 23:00:00,TP,70800,0.001,70.05,0.74,1.06,0.75,1.07,-0.003,0.00,19.67,1.97
73,Entry long,2024-11-05 23:00:00,Long,70050,0.001,70.05,0.74,1.06,0.75,1.07,-0.003,0.00,19.67,1.97
74,Exit long,2024-11-06 18:00:00,TP,75450,0.001,74.7,0.74,0.99,0.75,1.00,-0.003,0.00,20.42,2.04
74,Entry long,2024-11-06 17:00:00,Long,74700,0.001,74.7,0.74,0.99,0.75,1.00,-0.003,0.00,20.42,2.04
75,Exit long,2024-11-07 02:00:00,SL,75300,0.001,75.6,-0.31,-0.41,0.45,0.59,-0.3,-0.40,20.11,2.01
75,Entry long,2024-11-06 18:00:00,Long,75600,0.001,75.6,-0.31,-0.41,0.45,0.59,-0.3,-0.40,20.11,2.01
76,Exit long,2024-11-08 17:00:00,TP,76800,0.001,76.05,0.74,0.98,0.75,0.98,-0.27,-0.35,20.85,2.09
76,Entry long,2024-11-07 14:00:00,Long,76050,0.001,76.05,0.74,0.98,0.75,0.98,-0.27,-0.35,20.85,2.09
77,Exit long,2024-11-11 00:00:00,TP,81000,0.001,80.25,0.74,0.93,0.75,0.93,-0.004,0.00,21.6,2.16
77,Entry long,2024-11-10 21:00:00,Long,80250,0.001,80.25,0.74,0.93,0.75,0.93,-0.004,0.00,21.6,2.16
78,Exit long,2024-11-11 13:00:00,TP,82350,0.001,81.6,0.74,0.91,0.75,0.91,-0.004,0.00,22.34,2.23
78,Entry long,2024-11-11 08:00:00,Long,81600,0.001,81.6,0.74,0.91,0.75,0.91,-0.004,0.00,22.34,2.23
79,Exit long,2024-11-11 14:00:00,TP,83400,0.001,82.65,0.74,0.90,0.75,0.90,-0.004,0.00,23.08,2.31
79,Entry long,2024-11-11 14:00:00,Long,82650,0.001,82.65,0.74,0.90,0.75,0.90,-0.004,0.00,23.08,2.31
80,Exit long,2024-11-12 08:00:00,SL,88650,0.001,88.95,-0.31,-0.35,0.6,0.67,-0.3,-0.34,22.77,2.28
80,Entry long,2024-11-12 05:00:00,Long,88950,0.001,88.95,-0.31,-0.35,0.6,0.67,-0.3,-0.34,22.77,2.28
81,Exit long,2024-11-12 19:00:00,TP,89250,0.001,88.5,0.74,0.84,0.75,0.84,-0.004,0.00,23.51,2.35
81,Entry long,2024-11-12 17:00:00,Long,88500,0.001,88.5,0.74,0.84,0.75,0.84,-0.004,0.00,23.51,2.35
82,Exit long,2024-11-13 13:00:00,TP,89400,0.001,88.65,0.74,0.84,0.75,0.84,-0.004,0.00,24.26,2.43
82,Entry long,2024-11-13 12:00:00,Long,88650,0.001,88.65,0.74,0.84,0.75,0.84,-0.004,0.00,24.26,2.43
83,Exit long,2024-11-14 12:00:00,SL,91050,0.001,91.35,-0.31,-0.34,0.15,0.16,-0.3,-0.33,23.95,2.39
83,Entry long,2024-11-14 10:00:00,Long,91350,0.001,91.35,-0.31,-0.34,0.15,0.16,-0.3,-0.33,23.95,2.39
84,Exit long,2024-11-15 12:00:00,TP,90150,0.001,89.4,0.74,0.83,0.75,0.83,-0.004,0.00,24.69,2.47
84,Entry long,2024-11-15 10:00:00,Long,89400,0.001,89.4,0.74,0.83,0.75,0.83,-0.004,0.00,24.69,2.47
85,Exit long,2024-11-15 18:00:00,TP,90300,0.001,89.55,0.74,0.83,0.75,0.83,-0.004,0.00,25.43,2.54
85,Entry long,2024-11-15 18:00:00,Long,89550,0.001,89.55,0.74,0.83,0.75,0.83,-0.004,0.00,25.43,2.54
86,Exit long,2024-11-18 05:00:00,TP,91950,0.001,91.2,0.74,0.81,0.75,0.82,-0.004,0.00,26.17,2.62
86,Entry long,2024-11-18 05:00:00,Long,91200,0.001,91.2,0.74,0.81,0.75,0.82,-0.004,0.00,26.17,2.62
87,Exit long,2024-11-18 14:00:00,TP,92250,0.001,91.5,0.74,0.81,0.75,0.82,-0.004,0.00,26.91,2.69
87,Entry long,2024-11-18 14:00:00,Long,91500,0.001,91.5,0.74,0.81,0.75,0.82,-0.004,0.00,26.91,2.69
88,Exit long,2024-11-18 22:00:00,SL,91200,0.001,91.5,-0.31,-0.34,0,0.00,-0.3,-0.33,26.61,2.66
88,Entry long,2024-11-18 19:00:00,Long,91500,0.001,91.5,-0.31,-0.34,0,0.00,-0.3,-0.33,26.61,2.66
89,Exit long,2024-11-19 11:00:00,TP,92250,0.001,91.5,0.74,0.81,0.75,0.82,-0.004,0.00,27.35,2.73
89,Entry long,2024-11-19 03:00:00,Long,91500,0.001,91.5,0.74,0.81,0.75,0.82,-0.004,0.00,27.35,2.73
90,Exit long,2024-11-19 17:00:00,TP,93000,0.001,92.25,0.74,0.80,0.75,0.81,-0.004,0.00,28.09,2.81
90,Entry long,2024-11-19 14:00:00,Long,92250,0.001,92.25,0.74,0.80,0.75,0.81,-0.004,0.00,28.09,2.81
91,Exit long,2024-11-20 11:00:00,TP,93600,0.001,92.85,0.74,0.80,0.75,0.80,-0.004,0.00,28.83,2.88
91,Entry long,2024-11-20 06:00:00,Long,92850,0.001,92.85,0.74,0.80,0.75,0.80,-0.004,0.00,28.83,2.88
92,Exit long,2024-11-21 01:00:00,SL,94500,0.001,94.8,-0.31,-0.33,0.01,0.01,-0.3,-0.32,28.52,2.85
92,Entry long,2024-11-20 23:00:00,Long,94800,0.001,94.8,-0.31,-0.33,0.01,0.01,-0.3,-0.32,28.52,2.85
93,Exit long,2024-11-21 11:00:00,SL,97650,0.001,97.95,-0.31,-0.32,0,0.00,-0.3,-0.31,28.21,2.82
93,Entry long,2024-11-21 10:00:00,Long,97950,0.001,97.95,-0.31,-0.32,0,0.00,-0.3,-0.31,28.21,2.82
94,Exit long,2024-11-22 01:00:00,TP,98550,0.001,97.8,0.74,0.76,0.75,0.76,-0.004,0.00,28.95,2.90
94,Entry long,2024-11-21 16:00:00,Long,97800,0.001,97.8,0.74,0.76,0.75,0.76,-0.004,0.00,28.95,2.90
95,Exit long,2024-11-23 01:00:00,SL,98700,0.001,99,-0.31,-0.31,0.3,0.30,-0.3,-0.31,28.64,2.86
95,Entry long,2024-11-22 17:00:00,Long,99000,0.001,99,-0.31,-0.31,0.3,0.30,-0.3,-0.31,28.64,2.86
96,Exit long,2024-11-25 12:00:00,SL,97800,0.001,98.1,-0.31,-0.31,0.45,0.45,-0.3,-0.31,28.33,2.83
96,Entry long,2024-11-25 04:00:00,Long,98100,0.001,98.1,-0.31,-0.31,0.45,0.45,-0.3,-0.31,28.33,2.83
97,Exit long,2024-11-26 16:00:00,SL,93750,0.001,94.05,-0.31,-0.33,0,0.00,-0.3,-0.32,28.03,2.80
97,Entry long,2024-11-26 15:00:00,Long,94050,0.001,94.05,-0.31,-0.33,0,0.00,-0.3,-0.32,28.03,2.80
98,Exit long,2024-11-27 12:00:00,TP,93900,0.001,93.15,0.74,0.80,0.75,0.80,-0.004,0.00,28.77,2.88
98,Entry long,2024-11-27 06:00:00,Long,93150,0.001,93.15,0.74,0.80,0.75,0.80,-0.004,0.00,28.77,2.88
99,Exit long,2024-11-29 01:00:00,TP,96600,0.001,95.85,0.74,0.77,0.75,0.78,-0.004,0.00,29.51,2.95
99,Entry long,2024-11-29 00:00:00,Long,95850,0.001,95.85,0.74,0.77,0.75,0.78,-0.004,0.00,29.51,2.95
100,Exit long,2024-11-29 13:00:00,TP,97350,0.001,96.6,0.74,0.77,0.75,0.77,-0.004,0.00,30.25,3.02
100,Entry long,2024-11-29 09:00:00,Long,96600,0.001,96.6,0.74,0.77,0.75,0.77,-0.004,0.00,30.25,3.02
101,Exit long,2024-12-02 00:00:00,TP,97800,0.001,97.05,0.74,0.76,0.75,0.77,-0.2,-0.21,30.99,3.10
101,Entry long,2024-12-01 07:00:00,Long,97050,0.001,97.05,0.74,0.76,0.75,0.77,-0.2,-0.21,30.99,3.10
102,Exit long,2024-12-02 15:00:00,SL,96750,0.001,97.05,-0.31,-0.32,0,0.00,-0.3,-0.31,30.68,3.07
102,Entry long,2024-12-02 14:00:00,Long,97050,0.001,97.05,-0.31,-0.32,0,0.00,-0.3,-0.31,30.68,3.07
103,Exit long,2024-12-04 04:00:00,TP,96450,0.001,95.7,0.74,0.77,0.75,0.78,-0.25,-0.26,31.42,3.14
103,Entry long,2024-12-03 16:00:00,Long,95700,0.001,95.7,0.74,0.77,0.75,0.78,-0.25,-0.26,31.42,3.14
104,Exit long,2024-12-04 18:00:00,TP,96750,0.001,96,0.74,0.77,0.75,0.78,-0.004,0.00,32.16,3.22
104,Entry long,2024-12-04 17:00:00,Long,96000,0.001,96,0.74,0.77,0.75,0.78,-0.004,0.00,32.16,3.22
105,Exit long,2024-12-05 01:00:00,TP,99900,0.001,99.15,0.74,0.75,0.75,0.75,-0.005,0.00,32.91,3.29
105,Entry long,2024-12-05 01:00:00,Long,99150,0.001,99.15,0.74,0.75,0.75,0.75,-0.005,0.00,32.91,3.29
106,Exit long,2024-12-05 14:00:00,SL,103050,0.001,103.35,-0.31,-0.30,0.15,0.14,-0.3,-0.29,32.6,3.26
106,Entry long,2024-12-05 13:00:00,Long,103350,0.001,103.35,-0.31,-0.30,0.15,0.14,-0.3,-0.29,32.6,3.26
107,Exit long,2024-12-06 15:00:00,SL,99150,0.001,99.45,-0.31,-0.31,0,0.00,-0.3,-0.31,32.29,3.23
107,Entry long,2024-12-06 13:00:00,Long,99450,0.001,99.45,-0.31,-0.31,0,0.00,-0.3,-0.31,32.29,3.23
108,Exit long,2024-12-07 20:00:00,SL,100050,0.001,100.35,-0.31,-0.31,0,0.00,-0.3,-0.30,31.98,3.20
108,Entry long,2024-12-07 19:00:00,Long,100350,0.001,100.35,-0.31,-0.31,0,0.00,-0.3,-0.30,31.98,3.20
109,Exit long,2024-12-08 17:00:00,SL,99750,0.001,100.05,-0.31,-0.31,0.3,0.30,-0.3,-0.30,31.67,3.17
109,Entry long,2024-12-08 12:00:00,Long,100050,0.001,100.05,-0.31,-0.31,0.3,0.30,-0.3,-0.30,31.67,3.17
110,Exit long,2024-12-09 14:00:00,SL,99900,0.001,100.2,-0.31,-0.31,0,0.00,-0.3,-0.30,31.36,3.14
110,Entry long,2024-12-09 13:00:00,Long,100200,0.001,100.2,-0.31,-0.31,0,0.00,-0.3,-0.30,31.36,3.14
111,Exit long,2024-12-11 00:00:00,SL,96300,0.001,96.6,-0.31,-0.32,0.33,0.34,-0.3,-0.32,31.05,3.11
111,Entry long,2024-12-10 20:00:00,Long,96600,0.001,96.6,-0.31,-0.32,0.33,0.34,-0.3,-0.32,31.05,3.11
112,Exit long,2024-12-11 05:00:00,TP,97650,0.001,96.9,0.74,0.76,0.75,0.77,-0.004,0.00,31.79,3.18
112,Entry long,2024-12-11 01:00:00,Long,96900,0.001,96.9,0.74,0.76,0.75,0.77,-0.004,0.00,31.79,3.18
113,Exit long,2024-12-11 20:00:00,TP,101400,0.001,100.65,0.74,0.74,0.75,0.74,-0.005,0.00,32.53,3.25
113,Entry long,2024-12-11 18:00:00,Long,100650,0.001,100.65,0.74,0.74,0.75,0.74,-0.005,0.00,32.53,3.25
114,Exit long,2024-12-14 11:00:00,SL,101400,0.001,101.7,-0.31,-0.30,0.45,0.44,-0.3,-0.30,32.22,3.22
114,Entry long,2024-12-14 00:00:00,Long,101700,0.001,101.7,-0.31,-0.30,0.45,0.44,-0.3,-0.30,32.22,3.22
115,Exit long,2024-12-15 10:00:00,TP,102450,0.001,101.7,0.74,0.73,0.75,0.73,-0.005,0.00,32.96,3.30
115,Entry long,2024-12-15 00:00:00,Long,101700,0.001,101.7,0.74,0.73,0.75,0.73,-0.005,0.00,32.96,3.30
116,Exit long,2024-12-16 14:00:00,TP,105450,0.001,104.7,0.74,0.71,0.75,0.71,-0.005,0.00,33.7,3.37
116,Entry long,2024-12-16 13:00:00,Long,104700,0.001,104.7,0.74,0.71,0.75,0.71,-0.005,0.00,33.7,3.37
117,Exit long,2024-12-17 13:00:00,TP,107850,0.001,107.1,0.74,0.69,0.75,0.70,-0.15,-0.14,34.44,3.44
117,Entry long,2024-12-17 07:00:00,Long,107100,0.001,107.1,0.74,0.69,0.75,0.70,-0.15,-0.14,34.44,3.44
118,Exit long,2024-12-19 09:00:00,TP,102150,0.001,101.4,0.74,0.73,0.75,0.74,-0.005,0.00,35.18,3.52
118,Entry long,2024-12-19 06:00:00,Long,101400,0.001,101.4,0.74,0.73,0.75,0.74,-0.005,0.00,35.18,3.52
119,Exit long,2024-12-20 13:00:00,TP,95400,0.001,94.65,0.74,0.78,0.75,0.79,-0.004,0.00,35.93,3.59
119,Entry long,2024-12-20 12:00:00,Long,94650,0.001,94.65,0.74,0.78,0.75,0.79,-0.004,0.00,35.93,3.59
120,Exit long,2024-12-23 23:00:00,SL,94500,0.001,94.8,-0.31,-0.33,0.15,0.15,-0.3,-0.32,35.62,3.56
120,Entry long,2024-12-23 21:00:00,Long,94800,0.001,94.8,-0.31,-0.33,0.15,0.15,-0.3,-0.32,35.62,3.56
121,Exit long,2024-12-24 12:00:00,TP,95550,0.001,94.8,0.74,0.78,0.75,0.79,-0.004,0.00,36.36,3.64
121,Entry long,2024-12-24 12:00:00,Long,94800,0.001,94.8,0.74,0.78,0.75,0.79,-0.004,0.00,36.36,3.64
122,Exit long,2024-12-25 00:00:00,SL,98250,0.001,98.55,-0.31,-0.31,0.15,0.15,-0.3,-0.31,36.05,3.60
122,Entry long,2024-12-24 21:00:00,Long,98550,0.001,98.55,-0.31,-0.31,0.15,0.15,-0.3,-0.31,36.05,3.60
123,Exit long,2024-12-30 20:00:00,SL,93450,0.001,93.75,-0.31,-0.33,0.6,0.64,-0.3,-0.32,35.74,3.57
123,Entry long,2024-12-30 17:00:00,Long,93750,0.001,93.75,-0.31,-0.33,0.6,0.64,-0.3,-0.32,35.74,3.57
124,Exit long,2024-12-31 12:00:00,TP,94500,0.001,93.75,0.74,0.79,0.75,0.80,-0.004,0.00,36.48,3.65
124,Entry long,2024-12-31 07:00:00,Long,93750,0.001,93.75,0.74,0.79,0.75,0.80,-0.004,0.00,36.48,3.65
125,Exit long,2025-01-02 06:00:00,TP,95550,0.001,94.8,0.74,0.78,0.75,0.79,-0.004,0.00,37.22,3.72
125,Entry long,2025-01-01 23:00:00,Long,94800,0.001,94.8,0.74,0.78,0.75,0.79,-0.004,0.00,37.22,3.72
126,Exit long,2025-01-03 16:00:00,TP,97800,0.001,97.05,0.74,0.76,0.75,0.77,-0.004,0.00,37.96,3.80
126,Entry long,2025-01-03 14:00:00,Long,97050,0.001,97.05,0.74,0.76,0.75,0.77,-0.004,0.00,37.96,3.80
127,Exit long,2025-01-05 07:00:00,SL,98100,0.001,98.4,-0.31,-0.31,0.15,0.15,-0.3,-0.31,37.65,3.77
127,Entry long,2025-01-04 19:00:00,Long,98400,0.001,98.4,-0.31,-0.31,0.15,0.15,-0.3,-0.31,37.65,3.77
128,Exit long,2025-01-05 23:00:00,SL,98250,0.001,98.55,-0.31,-0.31,0,0.00,-0.3,-0.31,37.35,3.73
128,Entry long,2025-01-05 21:00:00,Long,98550,0.001,98.55,-0.31,-0.31,0,0.00,-0.3,-0.31,37.35,3.73
129,Exit long,2025-01-07 09:00:00,SL,101550,0.001,101.85,-0.31,-0.30,0.3,0.29,-0.3,-0.30,37.04,3.70
129,Entry long,2025-01-06 20:00:00,Long,101850,0.001,101.85,-0.31,-0.30,0.3,0.29,-0.3,-0.30,37.04,3.70
130,Exit long,2025-01-09 01:00:00,SL,94800,0.001,95.1,-0.31,-0.32,0.15,0.15,-0.3,-0.32,36.73,3.67
130,Entry long,2025-01-08 21:00:00,Long,95100,0.001,95.1,-0.31,-0.32,0.15,0.15,-0.3,-0.32,36.73,3.67
131,Exit long,2025-01-09 16:00:00,SL,93600,0.001,93.9,-0.31,-0.33,0.35,0.37,-0.3,-0.32,36.42,3.64
131,Entry long,2025-01-09 14:00:00,Long,93900,0.001,93.9,-0.31,-0.33,0.35,0.37,-0.3,-0.32,36.42,3.64
132,Exit long,2025-01-10 07:00:00,TP,94650,0.001,93.9,0.74,0.79,0.75,0.79,-0.004,0.00,37.16,3.72
132,Entry long,2025-01-10 04:00:00,Long,93900,0.001,93.9,0.74,0.79,0.75,0.79,-0.004,0.00,37.16,3.72
133,Exit long,2025-01-10 16:00:00,TP,95400,0.001,94.65,0.74,0.78,0.75,0.79,-0.004,0.00,37.9,3.79
133,Entry long,2025-01-10 16:00:00,Long,94650,0.001,94.65,0.74,0.78,0.75,0.79,-0.004,0.00,37.9,3.79
134,Exit long,2025-01-12 18:00:00,SL,94650,0.001,94.95,-0.31,-0.33,0.15,0.15,-0.3,-0.32,37.59,3.76
134,Entry long,2025-01-12 14:00:00,Long,94950,0.001,94.95,-0.31,-0.33,0.15,0.15,-0.3,-0.32,37.59,3.76
135,Exit long,2025-01-13 00:00:00,SL,94650,0.001,94.95,-0.31,-0.33,0.3,0.31,-0.3,-0.32,37.28,3.73
135,Entry long,2025-01-12 23:00:00,Long,94950,0.001,94.95,-0.31,-0.33,0.3,0.31,-0.3,-0.32,37.28,3.73
136,Exit long,2025-01-13 20:00:00,TP,93900,0.001,93.15,0.74,0.80,0.75,0.80,-0.004,0.00,38.03,3.80
136,Entry long,2025-01-13 19:00:00,Long,93150,0.001,93.15,0.74,0.80,0.75,0.80,-0.004,0.00,38.03,3.80
137,Exit long,2025-01-14 20:00:00,SL,96450,0.001,96.75,-0.31,-0.32,0,0.00,-0.3,-0.31,37.72,3.77
137,Entry long,2025-01-14 17:00:00,Long,96750,0.001,96.75,-0.31,-0.32,0,0.00,-0.3,-0.31,37.72,3.77
138,Exit long,2025-01-15 18:00:00,TP,99450,0.001,98.7,0.74,0.75,0.75,0.76,-0.005,0.00,38.46,3.85
138,Entry long,2025-01-15 12:00:00,Long,98700,0.001,98.7,0.74,0.75,0.75,0.76,-0.005,0.00,38.46,3.85
139,Exit long,2025-01-17 00:00:00,TP,100500,0.001,99.75,0.74,0.74,0.75,0.75,-0.21,-0.21,39.2,3.92
139,Entry long,2025-01-16 16:00:00,Long,99750,0.001,99.75,0.74,0.74,0.75,0.75,-0.21,-0.21,39.2,3.92
140,Exit long,2025-01-17 00:00:00,TP,101550,0.001,100.8,0.74,0.73,0.75,0.74,-0.005,0.00,39.94,3.99
140,Entry long,2025-01-17 00:00:00,Long,100800,0.001,100.8,0.74,0.73,0.75,0.74,-0.005,0.00,39.94,3.99
141,Exit long,2025-01-17 18:00:00,TP,105750,0.001,105,0.74,0.71,0.75,0.71,-0.005,0.00,40.68,4.07
141,Entry long,2025-01-17 18:00:00,Long,105000,0.001,105,0.74,0.71,0.75,0.71,-0.005,0.00,40.68,4.07
142,Exit long,2025-01-19 07:00:00,SL,104550,0.001,104.85,-0.31,-0.30,0.45,0.42,-0.3,-0.29,40.37,4.04
142,Entry long,2025-01-19 02:00:00,Long,104850,0.001,104.85,-0.31,-0.30,0.45,0.42,-0.3,-0.29,40.37,4.04
143,Exit long,2025-01-20 05:00:00,TP,102450,0.001,101.7,0.74,0.73,0.75,0.73,-0.005,0.00,41.11,4.11
143,Entry long,2025-01-20 01:00:00,Long,101700,0.001,101.7,0.74,0.73,0.75,0.73,-0.005,0.00,41.11,4.11
144,Exit long,2025-01-21 10:00:00,TP,103650,0.001,102.9,0.74,0.72,0.75,0.72,-0.005,0.00,41.85,4.19
144,Entry long,2025-01-21 09:00:00,Long,102900,0.001,102.9,0.74,0.72,0.75,0.72,-0.005,0.00,41.85,4.19
145,Exit long,2025-01-21 16:00:00,TP,105150,0.001,104.4,0.74,0.71,0.75,0.71,-0.005,0.00,42.59,4.26
145,Entry long,2025-01-21 15:00:00,Long,104400,0.001,104.4,0.74,0.71,0.75,0.71,-0.005,0.00,42.59,4.26
146,Exit long,2025-01-23 13:00:00,TP,104550,0.001,103.8,0.74,0.71,0.75,0.72,-0.005,0.00,43.33,4.33
146,Entry long,2025-01-23 13:00:00,Long,103800,0.001,103.8,0.74,0.71,0.75,0.72,-0.005,0.00,43.33,4.33
147,Exit long,2025-01-24 13:00:00,TP,105600,0.001,104.85,0.74,0.71,0.75,0.71,-0.005,0.00,44.07,4.41
147,Entry long,2025-01-24 04:00:00,Long,104850,0.001,104.85,0.74,0.71,0.75,0.71,-0.005,0.00,44.07,4.41
148,Exit long,2025-01-24 19:00:00,SL,105750,0.001,106.05,-0.31,-0.29,0.3,0.28,-0.3,-0.29,43.76,4.38
148,Entry long,2025-01-24 16:00:00,Long,106050,0.001,106.05,-0.31,-0.29,0.3,0.28,-0.3,-0.29,43.76,4.38
149,Exit long,2025-01-27 13:00:00,TP,101100,0.001,100.35,0.74,0.74,0.75,0.74,-0.005,0.00,44.5,4.45
149,Entry long,2025-01-27 11:00:00,Long,100350,0.001,100.35,0.74,0.74,0.75,0.74,-0.005,0.00,44.5,4.45
150,Exit long,2025-01-27 22:00:00,TP,101850,0.001,101.1,0.74,0.73,0.75,0.74,-0.005,0.00,45.24,4.52
150,Entry long,2025-01-27 19:00:00,Long,101100,0.001,101.1,0.74,0.73,0.75,0.74,-0.005,0.00,45.24,4.52
151,Exit long,2025-01-28 19:00:00,SL,102150,0.001,102.45,-0.31,-0.30,0.58,0.57,-0.3,-0.30,44.93,4.49
151,Entry long,2025-01-28 02:00:00,Long,102450,0.001,102.45,-0.31,-0.30,0.58,0.57,-0.3,-0.30,44.93,4.49
152,Exit long,2025-01-29 12:00:00,SL,102000,0.001,102.3,-0.31,-0.30,0.45,0.44,-0.3,-0.30,44.62,4.46
152,Entry long,2025-01-29 05:00:00,Long,102300,0.001,102.3,-0.31,-0.30,0.45,0.44,-0.3,-0.30,44.62,4.46
153,Exit long,2025-01-29 18:00:00,TP,103500,0.001,102.75,0.74,0.72,0.75,0.73,-0.005,0.00,45.37,4.54
153,Entry long,2025-01-29 17:00:00,Long,102750,0.001,102.75,0.74,0.72,0.75,0.73,-0.005,0.00,45.37,4.54
154,Exit long,2025-02-03 06:00:00,TP,95400,0.001,94.65,0.74,0.78,0.75,0.79,-0.004,0.00,46.11,4.61
154,Entry long,2025-02-03 06:00:00,Long,94650,0.001,94.65,0.74,0.78,0.75,0.79,-0.004,0.00,46.11,4.61
155,Exit long,2025-02-03 13:00:00,TP,96450,0.001,95.7,0.74,0.77,0.75,0.78,-0.004,0.00,46.85,4.68
155,Entry long,2025-02-03 13:00:00,Long,95700,0.001,95.7,0.74,0.77,0.75,0.78,-0.004,0.00,46.85,4.68
156,Exit long,2025-02-06 09:00:00,TP,99000,0.001,98.25,0.74,0.75,0.75,0.76,-0.09,-0.09,47.59,4.76
156,Entry long,2025-02-06 05:00:00,Long,98250,0.001,98.25,0.74,0.75,0.75,0.76,-0.09,-0.09,47.59,4.76
157,Exit long,2025-02-07 13:00:00,TP,99150,0.001,98.4,0.74,0.75,0.75,0.76,-0.005,0.00,48.33,4.83
157,Entry long,2025-02-07 12:00:00,Long,98400,0.001,98.4,0.74,0.75,0.75,0.76,-0.005,0.00,48.33,4.83
158,Exit long,2025-02-10 12:00:00,TP,98100,0.001,97.35,0.74,0.76,0.75,0.77,-0.004,0.00,49.07,4.91
158,Entry long,2025-02-10 06:00:00,Long,97350,0.001,97.35,0.74,0.76,0.75,0.77,-0.004,0.00,49.07,4.91
159,Exit long,2025-02-12 21:00:00,TP,97800,0.001,97.05,0.74,0.76,0.75,0.77,-0.02,-0.02,49.81,4.98
159,Entry long,2025-02-12 16:00:00,Long,97050,0.001,97.05,0.74,0.76,0.75,0.77,-0.02,-0.02,49.81,4.98
160,Exit long,2025-02-13 01:00:00,SL,97650,0.001,97.95,-0.31,-0.32,0,0.00,-0.3,-0.31,49.5,4.95
160,Entry long,2025-02-13 00:00:00,Long,97950,0.001,97.95,-0.31,-0.32,0,0.00,-0.3,-0.31,49.5,4.95
161,Exit long,2025-02-14 16:00:00,TP,97950,0.001,97.2,0.74,0.76,0.75,0.77,-0.27,-0.28,50.24,5.02
161,Entry long,2025-02-14 13:00:00,Long,97200,0.001,97.2,0.74,0.76,0.75,0.77,-0.27,-0.28,50.24,5.02
162,Exit long,2025-02-19 13:00:00,SL,95850,0.001,96.15,-0.31,-0.32,0.15,0.15,-0.3,-0.32,49.93,4.99
162,Entry long,2025-02-19 09:00:00,Long,96150,0.001,96.15,-0.31,-0.32,0.15,0.15,-0.3,-0.32,49.93,4.99
163,Exit long,2025-02-26 11:00:00,SL,88200,0.001,88.5,-0.31,-0.35,0.6,0.67,-0.3,-0.34,49.63,4.96
163,Entry long,2025-02-26 00:00:00,Long,88500,0.001,88.5,-0.31,-0.35,0.6,0.67,-0.3,-0.34,49.63,4.96
164,Exit long,2025-02-27 09:00:00,TP,86850,0.001,86.1,0.74,0.86,0.75,0.87,-0.004,0.00,50.37,5.04
164,Entry long,2025-02-27 05:00:00,Long,86100,0.001,86.1,0.74,0.86,0.75,0.87,-0.004,0.00,50.37,5.04
165,Exit long,2025-02-28 13:00:00,TP,81750,0.001,81,0.74,0.92,0.75,0.92,-0.004,0.00,51.11,5.11
165,Entry long,2025-02-28 12:00:00,Long,81000,0.001,81,0.74,0.92,0.75,0.92,-0.004,0.00,51.11,5.11
166,Exit long,2025-03-02 13:00:00,SL,85350,0.001,85.65,-0.31,-0.36,0.6,0.70,-0.3,-0.35,50.8,5.08
166,Entry long,2025-03-01 20:00:00,Long,85650,0.001,85.65,-0.31,-0.36,0.6,0.70,-0.3,-0.35,50.8,5.08
167,Exit long,2025-03-02 14:00:00,TP,86850,0.001,86.1,0.74,0.86,0.75,0.87,-0.004,0.00,51.55,5.15
167,Entry long,2025-03-02 14:00:00,Long,86100,0.001,86.1,0.74,0.86,0.75,0.87,-0.004,0.00,51.55,5.15
168,Exit long,2025-03-03 13:00:00,SL,92850,0.001,93.15,-0.31,-0.33,0,0.00,-0.3,-0.33,51.24,5.12
168,Entry long,2025-03-03 13:00:00,Long,93150,0.001,93.15,-0.31,-0.33,0,0.00,-0.3,-0.33,51.24,5.12
169,Exit long,2025-03-04 16:00:00,TP,85050,0.001,84.3,0.74,0.88,0.75,0.89,-0.004,0.00,51.98,5.20
169,Entry long,2025-03-04 16:00:00,Long,84300,0.001,84.3,0.74,0.88,0.75,0.89,-0.004,0.00,51.98,5.20
170,Exit long,2025-03-05 09:00:00,TP,88650,0.001,87.9,0.74,0.84,0.75,0.85,-0.004,0.00,52.72,5.27
170,Entry long,2025-03-05 08:00:00,Long,87900,0.001,87.9,0.74,0.84,0.75,0.85,-0.004,0.00,52.72,5.27
171,Exit long,2025-03-06 00:00:00,TP,90900,0.001,90.15,0.74,0.82,0.75,0.83,-0.004,0.00,53.46,5.35
171,Entry long,2025-03-05 19:00:00,Long,90150,0.001,90.15,0.74,0.82,0.75,0.83,-0.004,0.00,53.46,5.35
172,Exit long,2025-03-06 01:00:00,TP,91650,0.001,90.9,0.74,0.82,0.75,0.82,-0.004,0.00,54.2,5.42
172,Entry long,2025-03-06 00:00:00,Long,90900,0.001,90.9,0.74,0.82,0.75,0.82,-0.004,0.00,54.2,5.42
173,Exit long,2025-03-07 01:00:00,SL,87300,0.001,87.6,-0.31,-0.35,0.6,0.68,-0.3,-0.35,53.9,5.39
173,Entry long,2025-03-07 00:00:00,Long,87600,0.001,87.6,-0.31,-0.35,0.6,0.68,-0.3,-0.35,53.9,5.39
174,Exit long,2025-03-07 08:00:00,TP,88950,0.001,88.2,0.74,0.84,0.75,0.85,-0.004,0.00,54.64,5.46
174,Entry long,2025-03-07 04:00:00,Long,88200,0.001,88.2,0.74,0.84,0.75,0.85,-0.004,0.00,54.64,5.46
175,Exit long,2025-03-10 08:00:00,SL,82050,0.001,82.35,-0.31,-0.37,0.3,0.36,-0.3,-0.37,54.33,5.43
175,Entry long,2025-03-10 04:00:00,Long,82350,0.001,82.35,-0.31,-0.37,0.3,0.36,-0.3,-0.37,54.33,5.43
176,Exit long,2025-03-10 11:00:00,TP,83250,0.001,82.5,0.74,0.90,0.75,0.90,-0.004,0.00,55.07,5.51
176,Entry long,2025-03-10 11:00:00,Long,82500,0.001,82.5,0.74,0.90,0.75,0.90,-0.004,0.00,55.07,5.51
177,Exit long,2025-03-11 05:00:00,TP,80100,0.001,79.35,0.74,0.94,0.75,0.94,-0.004,0.00,55.82,5.58
177,Entry long,2025-03-11 03:00:00,Long,79350,0.001,79.35,0.74,0.94,0.75,0.94,-0.004,0.00,55.82,5.58
178,Exit long,2025-03-11 18:00:00,TP,81450,0.001,80.7,0.74,0.92,0.75,0.92,-0.004,0.00,56.56,5.66
178,Entry long,2025-03-11 15:00:00,Long,80700,0.001,80.7,0.74,0.92,0.75,0.92,-0.004,0.00,56.56,5.66
179,Exit long,2025-03-12 12:00:00,TP,84000,0.001,83.25,0.74,0.89,0.75,0.90,-0.004,0.00,57.3,5.73
179,Entry long,2025-03-12 12:00:00,Long,83250,0.001,83.25,0.74,0.89,0.75,0.90,-0.004,0.00,57.3,5.73
180,Exit long,2025-03-13 05:00:00,SL,83250,0.001,83.55,-0.31,-0.37,0.3,0.35,-0.3,-0.36,56.99,5.70
180,Entry long,2025-03-12 22:00:00,Long,83550,0.001,83.55,-0.31,-0.37,0.3,0.35,-0.3,-0.36,56.99,5.70
181,Exit long,2025-03-14 10:00:00,TP,82950,0.001,82.2,0.74,0.90,0.75,0.91,-0.004,0.00,57.74,5.77
181,Entry long,2025-03-14 08:00:00,Long,82200,0.001,82.2,0.74,0.90,0.75,0.91,-0.004,0.00,57.74,5.77
182,Exit long,2025-03-16 19:00:00,SL,83250,0.001,83.55,-0.31,-0.37,0.3,0.35,-0.3,-0.36,57.43,5.74
182,Entry long,2025-03-16 16:00:00,Long,83550,0.001,83.55,-0.31,-0.37,0.3,0.35,-0.3,-0.36,57.43,5.74
183,Exit long,2025-03-17 18:00:00,TP,84300,0.001,83.55,0.74,0.89,0.75,0.89,-0.004,0.00,58.17,5.82
183,Entry long,2025-03-17 17:00:00,Long,83550,0.001,83.55,0.74,0.89,0.75,0.89,-0.004,0.00,58.17,5.82
184,Exit long,2025-03-19 14:00:00,TP,84150,0.001,83.4,0.74,0.89,0.75,0.89,-0.004,0.00,58.91,5.89
184,Entry long,2025-03-19 08:00:00,Long,83400,0.001,83.4,0.74,0.89,0.75,0.89,-0.004,0.00,58.91,5.89
185,Exit long,2025-03-24 03:00:00,TP,86250,0.001,85.5,0.74,0.87,0.75,0.87,-0.004,0.00,59.65,5.97
185,Entry long,2025-03-23 23:00:00,Long,85500,0.001,85.5,0.74,0.87,0.75,0.87,-0.004,0.00,59.65,5.97
186,Exit long,2025-03-24 08:00:00,TP,87300,0.001,86.55,0.74,0.86,0.75,0.86,-0.004,0.00,60.4,6.04
186,Entry long,2025-03-24 04:00:00,Long,86550,0.001,86.55,0.74,0.86,0.75,0.86,-0.004,0.00,60.4,6.04
187,Exit long,2025-03-24 20:00:00,SL,88050,0.001,88.35,-0.31,-0.35,0.15,0.17,-0.3,-0.34,60.09,6.01
187,Entry long,2025-03-24 17:00:00,Long,88350,0.001,88.35,-0.31,-0.35,0.15,0.17,-0.3,-0.34,60.09,6.01
188,Exit long,2025-03-26 10:00:00,TP,88200,0.001,87.45,0.74,0.85,0.75,0.85,-0.15,-0.18,60.83,6.08
188,Entry long,2025-03-25 13:00:00,Long,87450,0.001,87.45,0.74,0.85,0.75,0.85,-0.15,-0.18,60.83,6.08
189,Exit long,2025-03-31 19:00:00,SL,82500,0.001,82.8,-0.31,-0.37,0.6,0.72,-0.3,-0.37,60.52,6.05
189,Entry long,2025-03-31 14:00:00,Long,82800,0.001,82.8,-0.31,-0.37,0.6,0.72,-0.3,-0.37,60.52,6.05
190,Exit long,2025-04-02 11:00:00,SL,84600,0.001,84.9,-0.31,-0.36,0,0.00,-0.3,-0.36,60.21,6.02
190,Entry long,2025-04-02 09:00:00,Long,84900,0.001,84.9,-0.31,-0.36,0,0.00,-0.3,-0.36,60.21,6.02
191,Exit long,2025-04-04 08:00:00,TP,84300,0.001,83.55,0.74,0.89,0.75,0.89,-0.004,0.00,60.96,6.10
191,Entry long,2025-04-04 07:00:00,Long,83550,0.001,83.55,0.74,0.89,0.75,0.89,-0.004,0.00,60.96,6.10
192,Exit long,2025-04-04 17:00:00,TP,84300,0.001,83.55,0.74,0.89,0.75,0.89,-0.004,0.00,61.7,6.17
192,Entry long,2025-04-04 17:00:00,Long,83550,0.001,83.55,0.74,0.89,0.75,0.89,-0.004,0.00,61.7,6.17
193,Exit long,2025-04-07 13:00:00,TP,77250,0.001,76.5,0.74,0.97,0.75,0.98,-0.004,0.00,62.44,6.24
193,Entry long,2025-04-07 10:00:00,Long,76500,0.001,76.5,0.74,0.97,0.75,0.98,-0.004,0.00,62.44,6.24
194,Exit long,2025-04-07 19:00:00,SL,78450,0.001,78.75,-0.31,-0.39,0.3,0.38,-0.3,-0.39,62.13,6.21
194,Entry long,2025-04-07 17:00:00,Long,78750,0.001,78.75,-0.31,-0.39,0.3,0.38,-0.3,-0.39,62.13,6.21
195,Exit long,2025-04-07 22:00:00,TP,79650,0.001,78.9,0.74,0.94,0.75,0.95,-0.004,0.00,62.88,6.29
195,Entry long,2025-04-07 20:00:00,Long,78900,0.001,78.9,0.74,0.94,0.75,0.95,-0.004,0.00,62.88,6.29
196,Exit long,2025-04-09 11:00:00,SL,76950,0.001,77.25,-0.31,-0.40,0.3,0.38,-0.3,-0.39,62.57,6.26
196,Entry long,2025-04-09 07:00:00,Long,77250,0.001,77.25,-0.31,-0.40,0.3,0.38,-0.3,-0.39,62.57,6.26
197,Exit long,2025-04-09 14:00:00,SL,77100,0.001,77.4,-0.31,-0.40,0.15,0.19,-0.3,-0.39,62.26,6.23
197,Entry long,2025-04-09 13:00:00,Long,77400,0.001,77.4,-0.31,-0.40,0.15,0.19,-0.3,-0.39,62.26,6.23
198,Exit long,2025-04-09 23:00:00,SL,82650,0.001,82.95,-0.31,-0.37,0.3,0.36,-0.3,-0.37,61.96,6.20
198,Entry long,2025-04-09 20:00:00,Long,82950,0.001,82.95,-0.31,-0.37,0.3,0.36,-0.3,-0.37,61.96,6.20
199,Exit long,2025-04-11 09:00:00,TP,81900,0.001,81.15,0.74,0.91,0.75,0.92,-0.004,0.00,62.7,6.27
199,Entry long,2025-04-11 07:00:00,Long,81150,0.001,81.15,0.74,0.91,0.75,0.92,-0.004,0.00,62.7,6.27
200,Exit long,2025-04-11 17:00:00,TP,83550,0.001,82.8,0.74,0.90,0.75,0.90,-0.004,0.00,63.44,6.34
200,Entry long,2025-04-11 17:00:00,Long,82800,0.001,82.8,0.74,0.90,0.75,0.90,-0.004,0.00,63.44,6.34
201,Exit long,2025-04-12 14:00:00,TP,84450,0.001,83.7,0.74,0.89,0.75,0.89,-0.004,0.00,64.18,6.42
201,Entry long,2025-04-12 12:00:00,Long,83700,0.001,83.7,0.74,0.89,0.75,0.89,-0.004,0.00,64.18,6.42
202,Exit long,2025-04-14 03:00:00,SL,84750,0.001,85.05,-0.31,-0.36,0,0.00,-0.3,-0.36,63.87,6.39
202,Entry long,2025-04-14 02:00:00,Long,85050,0.001,85.05,-0.31,-0.36,0,0.00,-0.3,-0.36,63.87,6.39
203,Exit long,2025-04-15 15:00:00,SL,85050,0.001,85.35,-0.31,-0.36,0.59,0.69,-0.3,-0.36,63.57,6.36
203,Entry long,2025-04-15 03:00:00,Long,85350,0.001,85.35,-0.31,-0.36,0.59,0.69,-0.3,-0.36,63.57,6.36
204,Exit long,2025-04-19 16:00:00,SL,85050,0.001,85.35,-0.31,-0.36,0.05,0.06,-0.3,-0.36,63.26,6.33
204,Entry long,2025-04-19 13:00:00,Long,85350,0.001,85.35,-0.31,-0.36,0.05,0.06,-0.3,-0.36,63.26,6.33
205,Exit long,2025-04-21 00:00:00,TP,85800,0.001,85.05,0.74,0.87,0.75,0.88,-0.23,-0.27,64,6.40
205,Entry long,2025-04-20 20:00:00,Long,85050,0.001,85.05,0.74,0.87,0.75,0.88,-0.23,-0.27,64,6.40
206,Exit long,2025-04-22 12:00:00,TP,88650,0.001,87.9,0.74,0.84,0.75,0.85,-0.004,0.00,64.74,6.47
206,Entry long,2025-04-22 01:00:00,Long,87900,0.001,87.9,0.74,0.84,0.75,0.85,-0.004,0.00,64.74,6.47
207,Exit long,2025-04-22 21:00:00,TP,93000,0.001,92.25,0.74,0.80,0.75,0.81,-0.004,0.00,65.48,6.55
207,Entry long,2025-04-22 21:00:00,Long,92250,0.001,92.25,0.74,0.80,0.75,0.81,-0.004,0.00,65.48,6.55
208,Exit long,2025-04-25 02:00:00,SL,93600,0.001,93.9,-0.31,-0.33,0.03,0.03,-0.3,-0.32,65.18,6.52
208,Entry long,2025-04-24 23:00:00,Long,93900,0.001,93.9,-0.31,-0.33,0.03,0.03,-0.3,-0.32,65.18,6.52
209,Exit long,2025-04-28 13:00:00,SL,94500,0.001,94.8,-0.31,-0.33,0.58,0.61,-0.3,-0.32,64.87,6.49
209,Entry long,2025-04-28 10:00:00,Long,94800,0.001,94.8,-0.31,-0.33,0.58,0.61,-0.3,-0.32,64.87,6.49
210,Exit long,2025-04-29 04:00:00,SL,94500,0.001,94.8,-0.31,-0.33,0.27,0.29,-0.3,-0.32,64.56,6.46
210,Entry long,2025-04-28 19:00:00,Long,94800,0.001,94.8,-0.31,-0.33,0.27,0.29,-0.3,-0.32,64.56,6.46
211,Exit long,2025-05-01 10:00:00,TP,95700,0.001,94.95,0.74,0.78,0.75,0.79,-0.03,-0.03,65.3,6.53
211,Entry long,2025-05-01 05:00:00,Long,94950,0.001,94.95,0.74,0.78,0.75,0.79,-0.03,-0.03,65.3,6.53
212,Exit long,2025-05-01 19:00:00,SL,96600,0.001,96.9,-0.31,-0.32,0.15,0.15,-0.3,-0.31,64.99,6.50
212,Entry long,2025-05-01 15:00:00,Long,96900,0.001,96.9,-0.31,-0.32,0.15,0.15,-0.3,-0.31,64.99,6.50
213,Exit long,2025-05-06 23:00:00,TP,96300,0.001,95.55,0.74,0.78,0.75,0.78,-0.004,0.00,65.73,6.57
213,Entry long,2025-05-06 22:00:00,Long,95550,0.001,95.55,0.74,0.78,0.75,0.78,-0.004,0.00,65.73,6.57
214,Exit long,2025-05-08 02:00:00,TP,97950,0.001,97.2,0.74,0.76,0.75,0.77,-0.16,-0.17,66.47,6.65
214,Entry long,2025-05-07 22:00:00,Long,97200,0.001,97.2,0.74,0.76,0.75,0.77,-0.16,-0.17,66.47,6.65
215,Exit long,2025-05-08 15:00:00,TP,100050,0.001,99.3,0.74,0.75,0.75,0.75,-0.005,0.00,67.21,6.72
215,Entry long,2025-05-08 12:00:00,Long,99300,0.001,99.3,0.74,0.75,0.75,0.75,-0.005,0.00,67.21,6.72
216,Exit long,2025-05-08 16:00:00,TP,100800,0.001,100.05,0.74,0.74,0.75,0.74,-0.005,0.00,67.95,6.80
216,Entry long,2025-05-08 15:00:00,Long,100050,0.001,100.05,0.74,0.74,0.75,0.74,-0.005,0.00,67.95,6.80
217,Exit long,2025-05-09 15:00:00,SL,102900,0.001,103.2,-0.31,-0.30,0.45,0.43,-0.3,-0.30,67.65,6.76
217,Entry long,2025-05-09 07:00:00,Long,103200,0.001,103.2,-0.31,-0.30,0.45,0.43,-0.3,-0.30,67.65,6.76
218,Exit long,2025-05-11 01:00:00,SL,104400,0.001,104.7,-0.31,-0.30,0,0.00,-0.3,-0.29,67.34,6.73
218,Entry long,2025-05-10 23:00:00,Long,104700,0.001,104.7,-0.31,-0.30,0,0.00,-0.3,-0.29,67.34,6.73
219,Exit long,2025-05-11 07:00:00,SL,103500,0.001,103.8,-0.31,-0.30,0,0.00,-0.3,-0.29,67.03,6.70
219,Entry long,2025-05-11 07:00:00,Long,103800,0.001,103.8,-0.31,-0.30,0,0.00,-0.3,-0.29,67.03,6.70
220,Exit long,2025-05-12 01:00:00,SL,104100,0.001,104.4,-0.31,-0.30,0.15,0.14,-0.3,-0.29,66.72,6.67
220,Entry long,2025-05-12 00:00:00,Long,104400,0.001,104.4,-0.31,-0.30,0.15,0.14,-0.3,-0.29,66.72,6.67
221,Exit long,2025-05-12 11:00:00,SL,104100,0.001,104.4,-0.31,-0.30,0.15,0.14,-0.3,-0.29,66.41,6.64
221,Entry long,2025-05-12 07:00:00,Long,104400,0.001,104.4,-0.31,-0.30,0.15,0.14,-0.3,-0.29,66.41,6.64
222,Exit long,2025-05-13 19:00:00,TP,104550,0.001,103.8,0.74,0.71,0.75,0.72,-0.005,0.00,67.15,6.71
222,Entry long,2025-05-13 17:00:00,Long,103800,0.001,103.8,0.74,0.71,0.75,0.72,-0.005,0.00,67.15,6.71
223,Exit long,2025-05-15 18:00:00,SL,103650,0.001,103.95,-0.31,-0.30,0,0.00,-0.3,-0.29,66.84,6.68
223,Entry long,2025-05-15 17:00:00,Long,103950,0.001,103.95,-0.31,-0.30,0,0.00,-0.3,-0.29,66.84,6.68
224,Exit long,2025-05-16 08:00:00,SL,103500,0.001,103.8,-0.31,-0.30,0.3,0.28,-0.3,-0.29,66.53,6.65
224,Entry long,2025-05-16 01:00:00,Long,103800,0.001,103.8,-0.31,-0.30,0.3,0.28,-0.3,-0.29,66.53,6.65
225,Exit long,2025-05-18 13:00:00,TP,104550,0.001,103.8,0.74,0.71,0.75,0.72,-0.005,0.00,67.27,6.73
225,Entry long,2025-05-18 07:00:00,Long,103800,0.001,103.8,0.74,0.71,0.75,0.72,-0.005,0.00,67.27,6.73
226,Exit long,2025-05-18 22:00:00,TP,105750,0.001,105,0.74,0.71,0.75,0.71,-0.005,0.00,68.01,6.80
226,Entry long,2025-05-18 22:00:00,Long,105000,0.001,105,0.74,0.71,0.75,0.71,-0.005,0.00,68.01,6.80
227,Exit long,2025-05-19 16:00:00,TP,105300,0.001,104.55,0.74,0.71,0.75,0.71,-0.005,0.00,68.75,6.87
227,Entry long,2025-05-19 15:00:00,Long,104550,0.001,104.55,0.74,0.71,0.75,0.71,-0.005,0.00,68.75,6.87
228,Exit long,2025-05-20 07:00:00,SL,105450,0.001,105.75,-0.31,-0.29,0.6,0.56,-0.3,-0.29,68.44,6.84
228,Entry long,2025-05-20 01:00:00,Long,105750,0.001,105.75,-0.31,-0.29,0.6,0.56,-0.3,-0.29,68.44,6.84
229,Exit long,2025-05-20 19:00:00,TP,106350,0.001,105.6,0.74,0.70,0.75,0.71,-0.15,-0.15,69.18,6.92
229,Entry long,2025-05-20 17:00:00,Long,105600,0.001,105.6,0.74,0.70,0.75,0.71,-0.15,-0.15,69.18,6.92
230,Exit long,2025-05-21 14:00:00,TP,108150,0.001,107.4,0.74,0.69,0.75,0.69,-0.005,0.00,69.92,6.99
230,Entry long,2025-05-21 14:00:00,Long,107400,0.001,107.4,0.74,0.69,0.75,0.69,-0.005,0.00,69.92,6.99
231,Exit long,2025-05-21 20:00:00,SL,108300,0.001,108.6,-0.31,-0.29,0,0.00,-0.3,-0.28,69.61,6.96
231,Entry long,2025-05-21 19:00:00,Long,108600,0.001,108.6,-0.31,-0.29,0,0.00,-0.3,-0.28,69.61,6.96
232,Exit long,2025-05-22 00:00:00,TP,109950,0.001,109.2,0.74,0.68,0.74,0.68,-0.01,0.00,70.35,7.04
232,Entry long,2025-05-21 23:00:00,Long,109200,0.001,109.2,0.74,0.68,0.74,0.68,-0.01,0.00,70.35,7.04
233,Exit long,2025-05-26 00:00:00,TP,109500,0.001,108.75,0.74,0.68,0.74,0.69,-0.01,0.00,71.09,7.11
233,Entry long,2025-05-25 22:00:00,Long,108750,0.001,108.75,0.74,0.68,0.74,0.69,-0.01,0.00,71.09,7.11
234,Exit long,2025-05-27 16:00:00,TP,110250,0.001,109.5,0.74,0.68,0.74,0.68,-0.01,0.00,71.83,7.18
234,Entry long,2025-05-27 07:00:00,Long,109500,0.001,109.5,0.74,0.68,0.74,0.68,-0.01,0.00,71.83,7.18
235,Exit long,2025-06-01 09:00:00,SL,104100,0.001,104.4,-0.31,-0.30,0.3,0.28,-0.3,-0.29,71.52,7.15
235,Entry long,2025-06-01 01:00:00,Long,104400,0.001,104.4,-0.31,-0.30,0.3,0.28,-0.3,-0.29,71.52,7.15
236,Exit long,2025-06-02 22:00:00,TP,105600,0.001,104.85,0.74,0.71,0.75,0.71,-0.005,0.00,72.26,7.23
236,Entry long,2025-06-02 20:00:00,Long,104850,0.001,104.85,0.74,0.71,0.75,0.71,-0.005,0.00,72.26,7.23
237,Exit long,2025-06-03 16:00:00,SL,106050,0.001,106.35,-0.31,-0.29,0.32,0.30,-0.3,-0.29,71.95,7.20
237,Entry long,2025-06-03 14:00:00,Long,106350,0.001,106.35,-0.31,-0.29,0.32,0.30,-0.3,-0.29,71.95,7.20
238,Exit long,2025-06-06 06:00:00,TP,103200,0.001,102.45,0.74,0.72,0.75,0.73,-0.005,0.00,72.69,7.27
238,Entry long,2025-06-06 03:00:00,Long,102450,0.001,102.45,0.74,0.72,0.75,0.73,-0.005,0.00,72.69,7.27
239,Exit long,2025-06-07 08:00:00,SL,104850,0.001,105.15,-0.31,-0.29,0.15,0.14,-0.3,-0.29,72.38,7.24
239,Entry long,2025-06-07 06:00:00,Long,105150,0.001,105.15,-0.31,-0.29,0.15,0.14,-0.3,-0.29,72.38,7.24
240,Exit long,2025-06-09 17:00:00,TP,108150,0.001,107.4,0.74,0.69,0.75,0.69,-0.15,-0.14,73.12,7.31
240,Entry long,2025-06-09 11:00:00,Long,107400,0.001,107.4,0.74,0.69,0.75,0.69,-0.15,-0.14,73.12,7.31
241,Exit long,2025-06-11 07:00:00,SL,109500,0.001,109.8,-0.31,-0.28,0.44,0.41,-0.31,-0.28,72.81,7.28
241,Entry long,2025-06-10 20:00:00,Long,109800,0.001,109.8,-0.31,-0.28,0.44,0.41,-0.31,-0.28,72.81,7.28
242,Exit long,2025-06-13 18:00:00,SL,105450,0.001,105.75,-0.31,-0.29,0,0.00,-0.3,-0.29,72.5,7.25
242,Entry long,2025-06-13 16:00:00,Long,105750,0.001,105.75,-0.31,-0.29,0,0.00,-0.3,-0.29,72.5,7.25
243,Exit long,2025-06-15 08:00:00,SL,105300,0.001,105.6,-0.31,-0.29,0.45,0.42,-0.3,-0.29,72.19,7.22
243,Entry long,2025-06-15 00:00:00,Long,105600,0.001,105.6,-0.31,-0.29,0.45,0.42,-0.3,-0.29,72.19,7.22
244,Exit long,2025-06-16 05:00:00,TP,106500,0.001,105.75,0.74,0.70,0.75,0.70,-0.005,0.00,72.93,7.29
244,Entry long,2025-06-16 01:00:00,Long,105750,0.001,105.75,0.74,0.70,0.75,0.70,-0.005,0.00,72.93,7.29
245,Exit long,2025-06-16 19:00:00,TP,108450,0.001,107.7,0.74,0.69,0.75,0.69,-0.005,0.00,73.67,7.37
245,Entry long,2025-06-16 16:00:00,Long,107700,0.001,107.7,0.74,0.69,0.75,0.69,-0.005,0.00,73.67,7.37
246,Exit long,2025-06-20 14:00:00,SL,105300,0.001,105.6,-0.31,-0.29,0.41,0.39,-0.3,-0.29,73.36,7.34
246,Entry long,2025-06-20 07:00:00,Long,105600,0.001,105.6,-0.31,-0.29,0.41,0.39,-0.3,-0.29,73.36,7.34
247,Exit long,2025-06-23 05:00:00,TP,101550,0.001,100.8,0.74,0.73,0.75,0.74,-0.005,0.00,74.1,7.41
247,Entry long,2025-06-22 22:00:00,Long,100800,0.001,100.8,0.74,0.73,0.75,0.74,-0.005,0.00,74.1,7.41
248,Exit long,2025-06-23 14:00:00,SL,102000,0.001,102.3,-0.31,-0.30,0,0.00,-0.3,-0.30,73.79,7.38
248,Entry long,2025-06-23 13:00:00,Long,102300,0.001,102.3,-0.31,-0.30,0,0.00,-0.3,-0.30,73.79,7.38
249,Exit long,2025-06-23 18:00:00,TP,102750,0.001,102,0.74,0.73,0.75,0.73,-0.005,0.00,74.53,7.45
249,Entry long,2025-06-23 17:00:00,Long,102000,0.001,102,0.74,0.73,0.75,0.73,-0.005,0.00,74.53,7.45
250,Exit long,2025-06-24 07:00:00,SL,105300,0.001,105.6,-0.31,-0.29,0.15,0.14,-0.3,-0.29,74.23,7.42
250,Entry long,2025-06-24 06:00:00,Long,105600,0.001,105.6,-0.31,-0.29,0.15,0.14,-0.3,-0.29,74.23,7.42
251,Exit long,2025-06-25 13:00:00,TP,107400,0.001,106.65,0.74,0.69,0.75,0.70,-0.005,0.00,74.97,7.50
251,Entry long,2025-06-25 07:00:00,Long,106650,0.001,106.65,0.74,0.69,0.75,0.70,-0.005,0.00,74.97,7.50
252,Exit long,2025-06-25 15:00:00,SL,107400,0.001,107.7,-0.31,-0.29,0.3,0.27,-0.3,-0.28,74.66,7.47
252,Entry long,2025-06-25 13:00:00,Long,107700,0.001,107.7,-0.31,-0.29,0.3,0.27,-0.3,-0.28,74.66,7.47
253,Exit long,2025-06-29 19:00:00,SL,107550,0.001,107.85,-0.31,-0.29,0.6,0.55,-0.3,-0.28,74.35,7.43
253,Entry long,2025-06-29 09:00:00,Long,107850,0.001,107.85,-0.31,-0.29,0.6,0.55,-0.3,-0.28,74.35,7.43
254,Exit long,2025-07-02 15:00:00,TP,108300,0.001,107.55,0.74,0.69,0.75,0.69,-0.13,-0.12,75.09,7.51
254,Entry long,2025-07-02 08:00:00,Long,107550,0.001,107.55,0.74,0.69,0.75,0.69,-0.13,-0.12,75.09,7.51
255,Exit long,2025-07-02 16:00:00,TP,109200,0.001,108.45,0.74,0.68,0.75,0.69,-0.005,0.00,75.83,7.58
255,Entry long,2025-07-02 15:00:00,Long,108450,0.001,108.45,0.74,0.68,0.75,0.69,-0.005,0.00,75.83,7.58
256,Exit long,2025-07-03 12:00:00,SL,109350,0.001,109.65,-0.31,-0.28,0.29,0.27,-0.31,-0.28,75.52,7.55
256,Entry long,2025-07-03 09:00:00,Long,109650,0.001,109.65,-0.31,-0.28,0.29,0.27,-0.31,-0.28,75.52,7.55
257,Exit long,2025-07-09 19:00:00,TP,110550,0.001,109.8,0.74,0.67,0.74,0.68,-0.01,0.00,76.26,7.63
257,Entry long,2025-07-09 19:00:00,Long,109800,0.001,109.8,0.74,0.67,0.74,0.68,-0.01,0.00,76.26,7.63
258,Exit long,2025-07-10 16:00:00,TP,112500,0.001,111.75,0.74,0.66,0.74,0.67,-0.01,0.00,76.99,7.70
258,Entry long,2025-07-10 16:00:00,Long,111750,0.001,111.75,0.74,0.66,0.74,0.67,-0.01,0.00,76.99,7.70
259,Exit long,2025-07-11 05:00:00,TP,117150,0.001,116.4,0.74,0.64,0.74,0.64,-0.01,0.00,77.73,7.77
259,Entry long,2025-07-11 02:00:00,Long,116400,0.001,116.4,0.74,0.64,0.74,0.64,-0.01,0.00,77.73,7.77
260,Exit long,2025-07-11 09:00:00,TP,118350,0.001,117.6,0.74,0.63,0.74,0.63,-0.02,-0.02,78.47,7.85
260,Entry long,2025-07-11 05:00:00,Long,117600,0.001,117.6,0.74,0.63,0.74,0.63,-0.02,-0.02,78.47,7.85
261,Exit long,2025-07-13 18:00:00,TP,118950,0.001,118.2,0.74,0.63,0.74,0.63,-0.01,0.00,79.21,7.92
261,Entry long,2025-07-13 12:00:00,Long,118200,0.001,118.2,0.74,0.63,0.74,0.63,-0.01,0.00,79.21,7.92
262,Exit long,2025-07-16 01:00:00,SL,117750,0.001,118.05,-0.31,-0.26,0,0.00,-0.31,-0.26,78.9,7.89
262,Entry long,2025-07-16 00:00:00,Long,118050,0.001,118.05,-0.31,-0.26,0,0.00,-0.31,-0.26,78.9,7.89
263,Exit long,2025-07-17 16:00:00,SL,118650,0.001,118.95,-0.31,-0.26,0,0.00,-0.31,-0.26,78.59,7.86
263,Entry long,2025-07-17 15:00:00,Long,118950,0.001,118.95,-0.31,-0.26,0,0.00,-0.31,-0.26,78.59,7.86
264,Exit long,2025-07-22 13:00:00,SL,118500,0.001,118.8,-0.31,-0.26,0.44,0.37,-0.31,-0.26,78.28,7.83
264,Entry long,2025-07-22 10:00:00,Long,118800,0.001,118.8,-0.31,-0.26,0.44,0.37,-0.31,-0.26,78.28,7.83
265,Exit long,2025-07-23 03:00:00,SL,119100,0.001,119.4,-0.31,-0.26,0.59,0.50,-0.31,-0.26,77.97,7.80
265,Entry long,2025-07-22 18:00:00,Long,119400,0.001,119.4,-0.31,-0.26,0.59,0.50,-0.31,-0.26,77.97,7.80
266,Exit long,2025-07-24 16:00:00,SL,118800,0.001,119.1,-0.31,-0.26,0.06,0.05,-0.31,-0.26,77.66,7.77
266,Entry long,2025-07-24 14:00:00,Long,119100,0.001,119.1,-0.31,-0.26,0.06,0.05,-0.31,-0.26,77.66,7.77
267,Exit long,2025-07-26 10:00:00,TP,117750,0.001,117,0.74,0.63,0.74,0.64,-0.01,0.00,78.4,7.84
267,Entry long,2025-07-25 20:00:00,Long,117000,0.001,117,0.74,0.63,0.74,0.64,-0.01,0.00,78.4,7.84
268,Exit long,2025-07-27 16:00:00,TP,118950,0.001,118.2,0.74,0.63,0.74,0.63,-0.24,-0.20,79.14,7.91
268,Entry long,2025-07-26 13:00:00,Long,118200,0.001,118.2,0.74,0.63,0.74,0.63,-0.24,-0.20,79.14,7.91
269,Exit long,2025-07-28 13:00:00,SL,118650,0.001,118.95,-0.31,-0.26,0.59,0.50,-0.31,-0.26,78.83,7.88
269,Entry long,2025-07-27 16:00:00,Long,118950,0.001,118.95,-0.31,-0.26,0.59,0.50,-0.31,-0.26,78.83,7.88
270,Exit long,2025-07-29 10:00:00,SL,118500,0.001,118.8,-0.31,-0.26,0.1,0.08,-0.31,-0.26,78.51,7.85
270,Entry long,2025-07-29 07:00:00,Long,118800,0.001,118.8,-0.31,-0.26,0.1,0.08,-0.31,-0.26,78.51,7.85
271,Exit long,2025-07-31 14:00:00,SL,118050,0.001,118.35,-0.31,-0.26,0.32,0.27,-0.31,-0.26,78.2,7.82
271,Entry long,2025-07-31 02:00:00,Long,118350,0.001,118.35,-0.31,-0.26,0.32,0.27,-0.31,-0.26,78.2,7.82
272,Exit long,2025-08-04 13:00:00,TP,114900,0.001,114.15,0.74,0.65,0.74,0.65,-0.01,0.00,78.94,7.89
272,Entry long,2025-08-03 18:00:00,Long,114150,0.001,114.15,0.74,0.65,0.74,0.65,-0.01,0.00,78.94,7.89
273,Exit long,2025-08-04 19:00:00,SL,114900,0.001,115.2,-0.31,-0.27,0,0.00,-0.31,-0.27,78.63,7.86
273,Entry long,2025-08-04 16:00:00,Long,115200,0.001,115.2,-0.31,-0.27,0,0.00,-0.31,-0.27,78.63,7.86
274,Exit long,2025-08-06 02:00:00,SL,113700,0.001,114,-0.31,-0.27,0,0.00,-0.31,-0.27,78.32,7.83
274,Entry long,2025-08-05 23:00:00,Long,114000,0.001,114,-0.31,-0.27,0,0.00,-0.31,-0.27,78.32,7.83
275,Exit long,2025-08-07 10:00:00,TP,116100,0.001,115.35,0.74,0.64,0.74,0.65,-0.01,0.00,79.06,7.91
275,Entry long,2025-08-07 10:00:00,Long,115350,0.001,115.35,0.74,0.64,0.74,0.65,-0.01,0.00,79.06,7.91
276,Exit long,2025-08-08 01:00:00,SL,117000,0.001,117.3,-0.31,-0.26,0.29,0.25,-0.31,-0.26,78.75,7.88
276,Entry long,2025-08-07 19:00:00,Long,117300,0.001,117.3,-0.31,-0.26,0.29,0.25,-0.31,-0.26,78.75,7.88
277,Exit long,2025-08-09 11:00:00,SL,117150,0.001,117.45,-0.31,-0.26,0,0.00,-0.31,-0.26,78.44,7.84
277,Entry long,2025-08-09 09:00:00,Long,117450,0.001,117.45,-0.31,-0.26,0,0.00,-0.31,-0.26,78.44,7.84
278,Exit long,2025-08-10 03:00:00,TP,118200,0.001,117.45,0.74,0.63,0.74,0.63,-0.01,0.00,79.18,7.92
278,Entry long,2025-08-10 03:00:00,Long,117450,0.001,117.45,0.74,0.63,0.74,0.63,-0.01,0.00,79.18,7.92
279,Exit long,2025-08-13 13:00:00,TP,121650,0.001,120.9,0.74,0.61,0.74,0.62,-0.01,0.00,79.92,7.99
279,Entry long,2025-08-13 13:00:00,Long,120900,0.001,120.9,0.74,0.61,0.74,0.62,-0.01,0.00,79.92,7.99
280,Exit long,2025-08-20 23:00:00,SL,114300,0.001,114.6,-0.31,-0.27,0,0.00,-0.31,-0.27,79.61,7.96
280,Entry long,2025-08-20 22:00:00,Long,114600,0.001,114.6,-0.31,-0.27,0,0.00,-0.31,-0.27,79.61,7.96
281,Exit long,2025-08-22 14:00:00,TP,115050,0.001,114.3,0.74,0.65,0.74,0.65,-0.01,0.00,80.35,8.03
281,Entry long,2025-08-22 14:00:00,Long,114300,0.001,114.3,0.74,0.65,0.74,0.65,-0.01,0.00,80.35,8.03
282,Exit long,2025-08-27 07:00:00,SL,111000,0.001,111.3,-0.31,-0.28,0.59,0.53,-0.31,-0.27,80.04,8.00
282,Entry long,2025-08-26 20:00:00,Long,111300,0.001,111.3,-0.31,-0.28,0.59,0.53,-0.31,-0.27,80.04,8.00
283,Exit long,2025-08-27 17:00:00,TP,112350,0.001,111.6,0.74,0.66,0.74,0.67,-0.01,0.00,80.78,8.08
283,Entry long,2025-08-27 14:00:00,Long,111600,0.001,111.6,0.74,0.66,0.74,0.67,-0.01,0.00,80.78,8.08
284,Exit long,2025-08-28 04:00:00,TP,112950,0.001,112.2,0.74,0.66,0.74,0.66,-0.01,0.00,81.52,8.15
284,Entry long,2025-08-28 04:00:00,Long,112200,0.001,112.2,0.74,0.66,0.74,0.66,-0.01,0.00,81.52,8.15
285,Exit long,2025-08-31 04:00:00,SL,109050,0.001,109.35,-0.31,-0.28,0.1,0.09,-0.31,-0.28,81.21,8.12
285,Entry long,2025-08-31 00:00:00,Long,109350,0.001,109.35,-0.31,-0.28,0.1,0.09,-0.31,-0.28,81.21,8.12
286,Exit long,2025-09-01 10:00:00,SL,108900,0.001,109.2,-0.31,-0.28,0.31,0.28,-0.31,-0.28,80.9,8.09
286,Entry long,2025-09-01 07:00:00,Long,109200,0.001,109.2,-0.31,-0.28,0.31,0.28,-0.31,-0.28,80.9,8.09
287,Exit long,2025-09-02 02:00:00,TP,109800,0.001,109.05,0.74,0.68,0.74,0.68,-0.04,-0.03,81.64,8.16
287,Entry long,2025-09-01 23:00:00,Long,109050,0.001,109.05,0.74,0.68,0.74,0.68,-0.04,-0.03,81.64,8.16
288,Exit long,2025-09-02 13:00:00,TP,110850,0.001,110.1,0.74,0.67,0.74,0.68,-0.01,0.00,82.38,8.24
288,Entry long,2025-09-02 13:00:00,Long,110100,0.001,110.1,0.74,0.67,0.74,0.68,-0.01,0.00,82.38,8.24
289,Exit long,2025-09-05 07:00:00,TP,112800,0.001,112.05,0.74,0.66,0.74,0.66,-0.01,0.00,83.11,8.31
289,Entry long,2025-09-05 07:00:00,Long,112050,0.001,112.05,0.74,0.66,0.74,0.66,-0.01,0.00,83.11,8.31
290,Exit long,2025-09-05 14:00:00,SL,112800,0.001,113.1,-0.31,-0.27,0,0.00,-0.31,-0.27,82.8,8.28
290,Entry long,2025-09-05 12:00:00,Long,113100,0.001,113.1,-0.31,-0.27,0,0.00,-0.31,-0.27,82.8,8.28
291,Exit long,2025-09-09 00:00:00,SL,111900,0.001,112.2,-0.31,-0.28,0.41,0.37,-0.31,-0.27,82.49,8.25
291,Entry long,2025-09-08 14:00:00,Long,112200,0.001,112.2,-0.31,-0.28,0.41,0.37,-0.31,-0.27,82.49,8.25
292,Exit long,2025-09-09 06:00:00,TP,112950,0.001,112.2,0.74,0.66,0.74,0.66,-0.01,0.00,83.23,8.32
292,Entry long,2025-09-09 05:00:00,Long,112200,0.001,112.2,0.74,0.66,0.74,0.66,-0.01,0.00,83.23,8.32
293,Exit long,2025-09-10 12:00:00,TP,113250,0.001,112.5,0.74,0.66,0.74,0.66,-0.24,-0.21,83.97,8.40
293,Entry long,2025-09-10 07:00:00,Long,112500,0.001,112.5,0.74,0.66,0.74,0.66,-0.24,-0.21,83.97,8.40
294,Exit long,2025-09-12 18:00:00,TP,115950,0.001,115.2,0.74,0.64,0.74,0.65,-0.22,-0.19,84.71,8.47
294,Entry long,2025-09-11 23:00:00,Long,115200,0.001,115.2,0.74,0.64,0.74,0.65,-0.22,-0.19,84.71,8.47
295,Exit long,2025-09-15 08:00:00,SL,115800,0.001,116.1,-0.31,-0.27,0.44,0.38,-0.31,-0.26,84.4,8.44
295,Entry long,2025-09-15 05:00:00,Long,116100,0.001,116.1,-0.31,-0.27,0.44,0.38,-0.31,-0.26,84.4,8.44
296,Exit long,2025-09-17 04:00:00,SL,116400,0.001,116.7,-0.31,-0.27,0.19,0.16,-0.31,-0.26,84.09,8.41
296,Entry long,2025-09-16 19:00:00,Long,116700,0.001,116.7,-0.31,-0.27,0.19,0.16,-0.31,-0.26,84.09,8.41
297,Exit long,2025-09-18 03:00:00,TP,117150,0.001,116.4,0.74,0.64,0.74,0.64,-0.02,-0.02,84.83,8.48
297,Entry long,2025-09-17 22:00:00,Long,116400,0.001,116.4,0.74,0.64,0.74,0.64,-0.02,-0.02,84.83,8.48
298,Exit long,2025-09-24 14:00:00,TP,113400,0.001,112.65,0.74,0.66,0.74,0.66,-0.01,0.00,85.57,8.56
298,Entry long,2025-09-24 05:00:00,Long,112650,0.001,112.65,0.74,0.66,0.74,0.66,-0.01,0.00,85.57,8.56
299,Exit long,2025-09-28 22:00:00,TP,111600,0.001,110.85,0.74,0.67,0.74,0.67,-0.01,0.00,86.31,8.63
299,Entry long,2025-09-28 20:00:00,Long,110850,0.001,110.85,0.74,0.67,0.74,0.67,-0.01,0.00,86.31,8.63
300,Exit long,2025-09-29 14:00:00,TP,113400,0.001,112.65,0.74,0.66,0.74,0.66,-0.01,0.00,87.05,8.70
300,Entry long,2025-09-29 13:00:00,Long,112650,0.001,112.65,0.74,0.66,0.74,0.66,-0.01,0.00,87.05,8.70
301,Exit long,2025-10-01 08:00:00,TP,114750,0.001,114,0.74,0.65,0.74,0.65,-0.01,0.00,87.79,8.78
301,Entry long,2025-09-30 19:00:00,Long,114000,0.001,114,0.74,0.65,0.74,0.65,-0.01,0.00,87.79,8.78
302,Exit long,2025-10-01 23:00:00,TP,118350,0.001,117.6,0.74,0.63,0.74,0.63,-0.01,0.00,88.53,8.85
302,Entry long,2025-10-01 21:00:00,Long,117600,0.001,117.6,0.74,0.63,0.74,0.63,-0.01,0.00,88.53,8.85
303,Exit long,2025-10-02 14:00:00,SL,119100,0.001,119.4,-0.31,-0.26,0.14,0.12,-0.31,-0.26,88.22,8.82
303,Entry long,2025-10-02 12:00:00,Long,119400,0.001,119.4,-0.31,-0.26,0.14,0.12,-0.31,-0.26,88.22,8.82
304,Exit long,2025-10-02 21:00:00,SL,120600,0.001,120.9,-0.31,-0.26,0,0.00,-0.31,-0.25,87.91,8.79
304,Entry long,2025-10-02 19:00:00,Long,120900,0.001,120.9,-0.31,-0.26,0,0.00,-0.31,-0.25,87.91,8.79
305,Exit long,2025-10-03 15:00:00,TP,121500,0.001,120.75,0.74,0.61,0.74,0.62,-0.01,0.00,88.65,8.86
305,Entry long,2025-10-03 14:00:00,Long,120750,0.001,120.75,0.74,0.61,0.74,0.62,-0.01,0.00,88.65,8.86
306,Exit long,2025-10-03 15:00:00,TP,122250,0.001,121.5,0.74,0.61,0.74,0.61,-0.01,0.00,89.38,8.94
306,Entry long,2025-10-03 15:00:00,Long,121500,0.001,121.5,0.74,0.61,0.74,0.61,-0.01,0.00,89.38,8.94
307,Exit long,2025-10-05 02:00:00,TP,123300,0.001,122.55,0.74,0.60,0.74,0.61,-0.01,0.00,90.12,9.01
307,Entry long,2025-10-05 02:00:00,Long,122550,0.001,122.55,0.74,0.60,0.74,0.61,-0.01,0.00,90.12,9.01
308,Exit long,2025-10-06 16:00:00,TP,125250,0.001,124.5,0.74,0.59,0.74,0.60,-0.01,0.00,90.86,9.09
308,Entry long,2025-10-06 12:00:00,Long,124500,0.001,124.5,0.74,0.59,0.74,0.60,-0.01,0.00,90.86,9.09
309,Exit long,2025-10-08 17:00:00,TP,124050,0.001,123.3,0.74,0.60,0.74,0.60,-0.01,0.00,91.6,9.16
309,Entry long,2025-10-08 17:00:00,Long,123300,0.001,123.3,0.74,0.60,0.74,0.60,-0.01,0.00,91.6,9.16
310,Exit long,2025-10-09 13:00:00,SL,123000,0.001,123.3,-0.31,-0.25,0.29,0.24,-0.31,-0.25,91.29,9.13
310,Entry long,2025-10-09 12:00:00,Long,123300,0.001,123.3,-0.31,-0.25,0.29,0.24,-0.31,-0.25,91.29,9.13
311,Exit long,2025-10-11 06:00:00,SL,112200,0.001,112.5,-0.31,-0.28,0,0.00,-0.31,-0.27,90.98,9.10
311,Entry long,2025-10-11 06:00:00,Long,112500,0.001,112.5,-0.31,-0.28,0,0.00,-0.31,-0.27,90.98,9.10
312,Exit long,2025-10-11 15:00:00,SL,112050,0.001,112.35,-0.31,-0.28,0.14,0.13,-0.31,-0.27,90.67,9.07
312,Entry long,2025-10-11 11:00:00,Long,112350,0.001,112.35,-0.31,-0.28,0.14,0.13,-0.31,-0.27,90.67,9.07
313,Exit long,2025-10-12 08:00:00,SL,111450,0.001,111.75,-0.31,-0.28,0.04,0.04,-0.31,-0.27,90.36,9.04
313,Entry long,2025-10-12 05:00:00,Long,111750,0.001,111.75,-0.31,-0.28,0.04,0.04,-0.31,-0.27,90.36,9.04
314,Exit long,2025-10-13 01:00:00,TP,115650,0.001,114.9,0.74,0.64,0.74,0.65,-0.01,0.00,91.1,9.11
314,Entry long,2025-10-12 20:00:00,Long,114900,0.001,114.9,0.74,0.64,0.74,0.65,-0.01,0.00,91.1,9.11
315,Exit long,2025-10-13 14:00:00,SL,115050,0.001,115.35,-0.31,-0.27,0,0.00,-0.31,-0.26,90.79,9.08
315,Entry long,2025-10-13 13:00:00,Long,115350,0.001,115.35,-0.31,-0.27,0,0.00,-0.31,-0.26,90.79,9.08
316,Exit long,2025-10-14 01:00:00,SL,114900,0.001,115.2,-0.31,-0.27,0.63,0.54,-0.31,-0.27,90.48,9.05
316,Entry long,2025-10-13 18:00:00,Long,115200,0.001,115.2,-0.31,-0.27,0.63,0.54,-0.31,-0.27,90.48,9.05
317,Exit long,2025-10-14 16:00:00,SL,112650,0.001,112.95,-0.31,-0.27,0,0.00,-0.31,-0.27,90.17,9.02
317,Entry long,2025-10-14 15:00:00,Long,112950,0.001,112.95,-0.31,-0.27,0,0.00,-0.31,-0.27,90.17,9.02
318,Exit long,2025-10-17 21:00:00,TP,107100,0.001,106.35,0.74,0.70,0.75,0.70,-0.005,0.00,90.91,9.09
318,Entry long,2025-10-17 15:00:00,Long,106350,0.001,106.35,0.74,0.70,0.75,0.70,-0.005,0.00,90.91,9.09
319,Exit long,2025-10-18 16:00:00,SL,106800,0.001,107.1,-0.31,-0.29,0.15,0.14,-0.3,-0.28,90.6,9.06
319,Entry long,2025-10-18 11:00:00,Long,107100,0.001,107.1,-0.31,-0.29,0.15,0.14,-0.3,-0.28,90.6,9.06
320,Exit long,2025-10-19 05:00:00,SL,106950,0.001,107.25,-0.31,-0.29,0,0.00,-0.3,-0.28,90.29,9.03
320,Entry long,2025-10-19 03:00:00,Long,107250,0.001,107.25,-0.31,-0.29,0,0.00,-0.3,-0.28,90.29,9.03
321,Exit long,2025-10-19 13:00:00,TP,108000,0.001,107.25,0.74,0.69,0.75,0.69,-0.005,0.00,91.03,9.10
321,Entry long,2025-10-19 09:00:00,Long,107250,0.001,107.25,0.74,0.69,0.75,0.69,-0.005,0.00,91.03,9.10
322,Exit long,2025-10-20 03:00:00,TP,110100,0.001,109.35,0.74,0.68,0.74,0.68,-0.01,0.00,91.77,9.18
322,Entry long,2025-10-20 03:00:00,Long,109350,0.001,109.35,0.74,0.68,0.74,0.68,-0.01,0.00,91.77,9.18
323,Exit long,2025-10-21 15:00:00,TP,111300,0.001,110.55,0.74,0.67,0.74,0.67,-0.01,0.00,92.51,9.25
323,Entry long,2025-10-21 15:00:00,Long,110550,0.001,110.55,0.74,0.67,0.74,0.67,-0.01,0.00,92.51,9.25
324,Exit long,2025-10-23 07:00:00,TP,109800,0.001,109.05,0.74,0.68,0.74,0.68,-0.01,0.00,93.25,9.32
324,Entry long,2025-10-23 07:00:00,Long,109050,0.001,109.05,0.74,0.68,0.74,0.68,-0.01,0.00,93.25,9.32
325,Exit long,2025-10-23 18:00:00,TP,111000,0.001,110.25,0.74,0.67,0.74,0.68,-0.01,0.00,93.99,9.40
325,Entry long,2025-10-23 17:00:00,Long,110250,0.001,110.25,0.74,0.67,0.74,0.68,-0.01,0.00,93.99,9.40
326,Exit long,2025-10-24 07:00:00,TP,111450,0.001,110.7,0.74,0.67,0.74,0.67,-0.01,0.00,94.73,9.47
326,Entry long,2025-10-24 05:00:00,Long,110700,0.001,110.7,0.74,0.67,0.74,0.67,-0.01,0.00,94.73,9.47
327,Exit long,2025-10-25 13:00:00,TP,111900,0.001,111.15,0.74,0.67,0.74,0.67,-0.01,0.00,95.46,9.55
327,Entry long,2025-10-25 05:00:00,Long,111150,0.001,111.15,0.74,0.67,0.74,0.67,-0.01,0.00,95.46,9.55
328,Exit long,2025-10-27 02:00:00,TP,115050,0.001,114.3,0.74,0.65,0.74,0.65,-0.01,0.00,96.2,9.62
328,Entry long,2025-10-26 23:00:00,Long,114300,0.001,114.3,0.74,0.65,0.74,0.65,-0.01,0.00,96.2,9.62
329,Exit long,2025-10-28 16:00:00,SL,114900,0.001,115.2,-0.31,-0.27,0,0.00,-0.31,-0.27,95.89,9.59
329,Entry long,2025-10-28 15:00:00,Long,115200,0.001,115.2,-0.31,-0.27,0,0.00,-0.31,-0.27,95.89,9.59
330,Exit long,2025-10-30 08:00:00,TP,111300,0.001,110.55,0.74,0.67,0.74,0.67,-0.01,0.00,96.63,9.66
330,Entry long,2025-10-30 07:00:00,Long,110550,0.001,110.55,0.74,0.67,0.74,0.67,-0.01,0.00,96.63,9.66
331,Exit long,2025-10-31 02:00:00,TP,109350,0.001,108.6,0.74,0.68,0.75,0.69,-0.005,0.00,97.37,9.74
331,Entry long,2025-10-31 01:00:00,Long,108600,0.001,108.6,0.74,0.68,0.75,0.69,-0.005,0.00,97.37,9.74
332,Exit long,2025-11-02 05:00:00,TP,110550,0.001,109.8,0.74,0.67,0.74,0.68,-0.01,0.00,98.11,9.81
332,Entry long,2025-11-01 04:00:00,Long,109800,0.001,109.8,0.74,0.67,0.74,0.68,-0.01,0.00,98.11,9.81
333,Exit long,2025-11-05 13:00:00,TP,102750,0.001,102,0.74,0.73,0.75,0.73,-0.005,0.00,98.85,9.89
333,Entry long,2025-11-05 11:00:00,Long,102000,0.001,102,0.74,0.73,0.75,0.73,-0.005,0.00,98.85,9.89
334,Exit long,2025-11-07 17:00:00,TP,102300,0.001,101.55,0.74,0.73,0.75,0.73,-0.005,0.00,99.59,9.96
334,Entry long,2025-11-07 17:00:00,Long,101550,0.001,101.55,0.74,0.73,0.75,0.73,-0.005,0.00,99.59,9.96
335,Exit long,2025-11-09 15:00:00,TP,103200,0.001,102.45,0.74,0.72,0.75,0.73,-0.005,0.00,100.34,10.03
335,Entry long,2025-11-09 13:00:00,Long,102450,0.001,102.45,0.74,0.72,0.75,0.73,-0.005,0.00,100.34,10.03
336,Exit long,2025-11-11 04:00:00,SL,106200,0.001,106.5,-0.31,-0.29,0,0.00,-0.3,-0.29,100.03,10.00
336,Entry long,2025-11-11 02:00:00,Long,106500,0.001,106.5,-0.31,-0.29,0,0.00,-0.3,-0.29,100.03,10.00
337,Exit long,2025-11-12 14:00:00,SL,104700,0.001,105,-0.31,-0.29,0,0.00,-0.3,-0.29,99.72,9.97
337,Entry long,2025-11-12 13:00:00,Long,105000,0.001,105,-0.31,-0.29,0,0.00,-0.3,-0.29,99.72,9.97
338,Exit long,2025-11-13 09:00:00,SL,103050,0.001,103.35,-0.31,-0.30,0.3,0.29,-0.3,-0.29,99.41,9.94
338,Entry long,2025-11-13 06:00:00,Long,103350,0.001,103.35,-0.31,-0.30,0.3,0.29,-0.3,-0.29,99.41,9.94
339,Exit long,2025-11-15 11:00:00,SL,95700,0.001,96,-0.31,-0.32,0.35,0.36,-0.3,-0.32,99.1,9.91
339,Entry long,2025-11-15 02:00:00,Long,96000,0.001,96,-0.31,-0.32,0.35,0.36,-0.3,-0.32,99.1,9.91
340,Exit long,2025-11-16 11:00:00,SL,95850,0.001,96.15,-0.31,-0.32,0.3,0.31,-0.3,-0.32,98.79,9.88
340,Entry long,2025-11-16 09:00:00,Long,96150,0.001,96.15,-0.31,-0.32,0.3,0.31,-0.3,-0.32,98.79,9.88
341,Exit long,2025-11-17 13:00:00,SL,94950,0.001,95.25,-0.31,-0.32,0,0.00,-0.3,-0.32,98.48,9.85
341,Entry long,2025-11-17 12:00:00,Long,95250,0.001,95.25,-0.31,-0.32,0,0.00,-0.3,-0.32,98.48,9.85
342,Exit long,2025-11-18 15:00:00,TP,92250,0.001,91.5,0.74,0.81,0.75,0.82,-0.004,0.00,99.22,9.92
342,Entry long,2025-11-18 15:00:00,Long,91500,0.001,91.5,0.74,0.81,0.75,0.82,-0.004,0.00,99.22,9.92
343,Exit long,2025-11-20 00:00:00,TP,91650,0.001,90.9,0.74,0.82,0.75,0.82,-0.004,0.00,99.96,10.00
343,Entry long,2025-11-19 23:00:00,Long,90900,0.001,90.9,0.74,0.82,0.75,0.82,-0.004,0.00,99.96,10.00
344,Exit long,2025-11-21 15:00:00,SL,83850,0.001,84.15,-0.31,-0.37,0.6,0.71,-0.3,-0.36,99.66,9.97
344,Entry long,2025-11-21 14:00:00,Long,84150,0.001,84.15,-0.31,-0.37,0.6,0.71,-0.3,-0.36,99.66,9.97
345,Exit long,2025-11-21 16:00:00,TP,84750,0.001,84,0.74,0.88,0.75,0.89,-0.004,0.00,100.4,10.04
345,Entry long,2025-11-21 16:00:00,Long,84000,0.001,84,0.74,0.88,0.75,0.89,-0.004,0.00,100.4,10.04
346,Exit long,2025-11-23 01:00:00,TP,85500,0.001,84.75,0.74,0.88,0.75,0.88,-0.06,-0.07,101.14,10.11
346,Entry long,2025-11-22 22:00:00,Long,84750,0.001,84.75,0.74,0.88,0.75,0.88,-0.06,-0.07,101.14,10.11
347,Exit long,2025-11-24 17:00:00,TP,87750,0.001,87,0.74,0.85,0.75,0.86,-0.004,0.00,101.88,10.19
347,Entry long,2025-11-24 16:00:00,Long,87000,0.001,87,0.74,0.85,0.75,0.86,-0.004,0.00,101.88,10.19
348,Exit long,2025-11-26 03:00:00,SL,87450,0.001,87.75,-0.31,-0.35,0,0.00,-0.3,-0.35,101.57,10.16
348,Entry long,2025-11-26 01:00:00,Long,87750,0.001,87.75,-0.31,-0.35,0,0.00,-0.3,-0.35,101.57,10.16
349,Exit long,2025-11-26 17:00:00,TP,88950,0.001,88.2,0.74,0.84,0.75,0.85,-0.004,0.00,102.32,10.23
349,Entry long,2025-11-26 17:00:00,Long,88200,0.001,88.2,0.74,0.84,0.75,0.85,-0.004,0.00,102.32,10.23
350,Exit long,2025-11-27 22:00:00,SL,91350,0.001,91.65,-0.31,-0.34,0.15,0.16,-0.3,-0.33,102.01,10.20
350,Entry long,2025-11-27 18:00:00,Long,91650,0.001,91.65,-0.31,-0.34,0.15,0.16,-0.3,-0.33,102.01,10.20
351,Exit long,2025-11-28 11:00:00,SL,91500,0.001,91.8,-0.31,-0.34,0,0.00,-0.3,-0.33,101.7,10.17
351,Entry long,2025-11-28 10:00:00,Long,91800,0.001,91.8,-0.31,-0.34,0,0.00,-0.3,-0.33,101.7,10.17
352,Exit long,2025-12-02 05:00:00,TP,87000,0.001,86.25,0.74,0.86,0.75,0.86,-0.004,0.00,102.44,10.24
352,Entry long,2025-12-01 21:00:00,Long,86250,0.001,86.25,0.74,0.86,0.75,0.86,-0.004,0.00,102.44,10.24
353,Exit long,2025-12-02 14:00:00,TP,88200,0.001,87.45,0.74,0.85,0.75,0.85,-0.004,0.00,103.18,10.32
353,Entry long,2025-12-02 13:00:00,Long,87450,0.001,87.45,0.74,0.85,0.75,0.85,-0.004,0.00,103.18,10.32
354,Exit long,2025-12-02 23:00:00,SL,91650,0.001,91.95,-0.31,-0.34,0,0.00,-0.3,-0.33,102.87,10.29
354,Entry long,2025-12-02 22:00:00,Long,91950,0.001,91.95,-0.31,-0.34,0,0.00,-0.3,-0.33,102.87,10.29
355,Exit long,2025-12-03 07:00:00,SL,93150,0.001,93.45,-0.31,-0.33,0.15,0.16,-0.3,-0.33,102.57,10.26
355,Entry long,2025-12-03 05:00:00,Long,93450,0.001,93.45,-0.31,-0.33,0.15,0.16,-0.3,-0.33,102.57,10.26
356,Exit long,2025-12-04 00:00:00,SL,93300,0.001,93.6,-0.31,-0.33,0.15,0.16,-0.3,-0.33,102.26,10.23
356,Entry long,2025-12-03 21:00:00,Long,93600,0.001,93.6,-0.31,-0.33,0.15,0.16,-0.3,-0.33,102.26,10.23
357,Exit long,2025-12-07 17:00:00,TP,90900,0.001,90.15,0.74,0.82,0.75,0.83,-0.004,0.00,103,10.30
357,Entry long,2025-12-07 17:00:00,Long,90150,0.001,90.15,0.74,0.82,0.75,0.83,-0.004,0.00,103,10.30
358,Exit long,2025-12-08 07:00:00,TP,91500,0.001,90.75,0.74,0.82,0.75,0.82,-0.004,0.00,103.74,10.37
358,Entry long,2025-12-08 01:00:00,Long,90750,0.001,90.75,0.74,0.82,0.75,0.82,-0.004,0.00,103.74,10.37
359,Exit long,2025-12-09 15:00:00,TP,92100,0.001,91.35,0.74,0.81,0.75,0.82,-0.004,0.00,104.48,10.45
359,Entry long,2025-12-09 15:00:00,Long,91350,0.001,91.35,0.74,0.81,0.75,0.82,-0.004,0.00,104.48,10.45
360,Exit long,2025-12-11 21:00:00,TP,92700,0.001,91.95,0.74,0.81,0.75,0.81,-0.004,0.00,105.22,10.52
360,Entry long,2025-12-11 21:00:00,Long,91950,0.001,91.95,0.74,0.81,0.75,0.81,-0.004,0.00,105.22,10.52
361,Exit long,2025-12-17 04:00:00,SL,87000,0.001,87.3,-0.31,-0.35,0.6,0.68,-0.3,-0.35,104.92,10.49
361,Entry long,2025-12-16 15:00:00,Long,87300,0.001,87.3,-0.31,-0.35,0.6,0.68,-0.3,-0.35,104.92,10.49
362,Exit long,2025-12-17 14:00:00,TP,88050,0.001,87.3,0.74,0.85,0.75,0.85,-0.004,0.00,105.66,10.57
362,Entry long,2025-12-17 13:00:00,Long,87300,0.001,87.3,0.74,0.85,0.75,0.85,-0.004,0.00,105.66,10.57
363,Exit long,2025-12-18 13:00:00,TP,88800,0.001,88.05,0.74,0.84,0.75,0.85,-0.004,0.00,106.4,10.64
363,Entry long,2025-12-18 13:00:00,Long,88050,0.001,88.05,0.74,0.84,0.75,0.85,-0.004,0.00,106.4,10.64
364,Exit long,2025-12-19 07:00:00,TP,87450,0.001,86.7,0.74,0.86,0.75,0.86,-0.004,0.00,107.14,10.71
364,Entry long,2025-12-19 03:00:00,Long,86700,0.001,86.7,0.74,0.86,0.75,0.86,-0.004,0.00,107.14,10.71
365,Exit long,2025-12-21 13:00:00,SL,87900,0.001,88.2,-0.31,-0.35,0.6,0.68,-0.3,-0.34,106.83,10.68
365,Entry long,2025-12-19 22:00:00,Long,88200,0.001,88.2,-0.31,-0.35,0.6,0.68,-0.3,-0.34,106.83,10.68
366,Exit long,2025-12-22 09:00:00,TP,89400,0.001,88.65,0.74,0.84,0.75,0.84,-0.004,0.00,107.57,10.76
366,Entry long,2025-12-22 03:00:00,Long,88650,0.001,88.65,0.74,0.84,0.75,0.84,-0.004,0.00,107.57,10.76
367,Exit long,2025-12-26 07:00:00,SL,88650,0.001,88.95,-0.31,-0.35,0.11,0.12,-0.3,-0.34,107.27,10.73
367,Entry long,2025-12-26 02:00:00,Long,88950,0.001,88.95,-0.31,-0.35,0.11,0.12,-0.3,-0.34,107.27,10.73
368,Exit long,2025-12-29 03:00:00,TP,89550,0.001,88.8,0.74,0.84,0.75,0.84,-0.004,0.00,108.01,10.80
368,Entry long,2025-12-29 02:00:00,Long,88800,0.001,88.8,0.74,0.84,0.75,0.84,-0.004,0.00,108.01,10.80
369,Exit long,2026-01-02 16:00:00,TP,90000,0.001,89.25,0.74,0.83,0.75,0.84,-0.004,0.00,108.75,10.88
369,Entry long,2026-01-02 09:00:00,Long,89250,0.001,89.25,0.74,0.83,0.75,0.84,-0.004,0.00,108.75,10.88
370,Exit long,2026-01-04 00:00:00,TP,91050,0.001,90.3,0.74,0.82,0.75,0.83,-0.004,0.00,109.49,10.95
370,Entry long,2026-01-03 20:00:00,Long,90300,0.001,90.3,0.74,0.82,0.75,0.83,-0.004,0.00,109.49,10.95
371,Exit long,2026-01-05 01:00:00,TP,92850,0.001,92.1,0.74,0.81,0.75,0.81,-0.004,0.00,110.23,11.02
371,Entry long,2026-01-05 00:00:00,Long,92100,0.001,92.1,0.74,0.81,0.75,0.81,-0.004,0.00,110.23,11.02
372,Exit long,2026-01-07 00:00:00,SL,93000,0.001,93.3,-0.31,-0.33,0,0.00,-0.3,-0.33,109.92,10.99
372,Entry long,2026-01-07 00:00:00,Long,93300,0.001,93.3,-0.31,-0.33,0,0.00,-0.3,-0.33,109.92,10.99
373,Exit long,2026-01-12 08:00:00,SL,91200,0.001,91.5,-0.31,-0.34,0.52,0.57,-0.3,-0.33,109.62,10.96
373,Entry long,2026-01-12 02:00:00,Long,91500,0.001,91.5,-0.31,-0.34,0.52,0.57,-0.3,-0.33,109.62,10.96
374,Exit long,2026-01-12 21:00:00,SL,91050,0.001,91.35,-0.31,-0.34,0.6,0.65,-0.3,-0.33,109.31,10.93
374,Entry long,2026-01-12 15:00:00,Long,91350,0.001,91.35,-0.31,-0.34,0.6,0.65,-0.3,-0.33,109.31,10.93
375,Exit long,2026-01-14 14:00:00,TP,96450,0.001,95.7,0.74,0.77,0.75,0.78,-0.004,0.00,110.05,11.00
375,Entry long,2026-01-14 14:00:00,Long,95700,0.001,95.7,0.74,0.77,0.75,0.78,-0.004,0.00,110.05,11.00
376,Exit long,2026-01-21 19:00:00,TP,90150,0.001,89.4,0.74,0.83,0.75,0.83,-0.004,0.00,110.79,11.08
376,Entry long,2026-01-21 19:00:00,Long,89400,0.001,89.4,0.74,0.83,0.75,0.83,-0.004,0.00,110.79,11.08
377,Exit long,2026-01-23 20:00:00,SL,89700,0.001,90,-0.31,-0.34,0.45,0.50,-0.3,-0.34,110.48,11.05
377,Entry long,2026-01-23 16:00:00,Long,90000,0.001,90,-0.31,-0.34,0.45,0.50,-0.3,-0.34,110.48,11.05
378,Exit long,2026-01-28 08:00:00,SL,88800,0.001,89.1,-0.31,-0.35,0.2,0.22,-0.3,-0.34,110.17,11.02
378,Entry long,2026-01-27 20:00:00,Long,89100,0.001,89.1,-0.31,-0.35,0.2,0.22,-0.3,-0.34,110.17,11.02
379,Exit long,2026-01-31 07:00:00,SL,83550,0.001,83.85,-0.31,-0.37,0.3,0.35,-0.3,-0.36,109.87,10.99
379,Entry long,2026-01-30 19:00:00,Long,83850,0.001,83.85,-0.31,-0.37,0.3,0.35,-0.3,-0.36,109.87,10.99
380,Exit long,2026-02-02 13:00:00,TP,78150,0.001,77.4,0.74,0.96,0.75,0.96,-0.004,0.00,110.61,11.06
380,Entry long,2026-02-02 09:00:00,Long,77400,0.001,77.4,0.74,0.96,0.75,0.96,-0.004,0.00,110.61,11.06
381,Exit long,2026-02-02 19:00:00,SL,78450,0.001,78.75,-0.31,-0.39,0.15,0.19,-0.3,-0.39,110.3,11.03
381,Entry long,2026-02-02 15:00:00,Long,78750,0.001,78.75,-0.31,-0.39,0.15,0.19,-0.3,-0.39,110.3,11.03
382,Exit long,2026-02-03 02:00:00,SL,78600,0.001,78.9,-0.31,-0.39,0.04,0.05,-0.3,-0.38,109.99,11.00
382,Entry long,2026-02-03 00:00:00,Long,78900,0.001,78.9,-0.31,-0.39,0.04,0.05,-0.3,-0.38,109.99,11.00
383,Exit long,2026-02-03 20:00:00,TP,75900,0.001,75.15,0.74,0.99,0.75,0.99,-0.003,0.00,110.74,11.07
383,Entry long,2026-02-03 20:00:00,Long,75150,0.001,75.15,0.74,0.99,0.75,0.99,-0.003,0.00,110.74,11.07
384,Exit long,2026-02-06 01:00:00,TP,65400,0.001,64.65,0.74,1.15,0.75,1.16,-0.003,0.00,111.48,11.15
384,Entry long,2026-02-06 01:00:00,Long,64650,0.001,64.65,0.74,1.15,0.75,1.16,-0.003,0.00,111.48,11.15
385,Exit long,2026-02-06 05:00:00,TP,66150,0.001,65.4,0.74,1.14,0.75,1.14,-0.003,0.00,112.23,11.22
385,Entry long,2026-02-06 05:00:00,Long,65400,0.001,65.4,0.74,1.14,0.75,1.14,-0.003,0.00,112.23,11.22
386,Exit long,2026-02-06 13:00:00,TP,66900,0.001,66.15,0.74,1.12,0.75,1.13,-0.003,0.00,112.97,11.30
386,Entry long,2026-02-06 11:00:00,Long,66150,0.001,66.15,0.74,1.12,0.75,1.13,-0.003,0.00,112.97,11.30
387,Exit long,2026-02-06 20:00:00,SL,70350,0.001,70.65,-0.31,-0.43,0,0.00,-0.3,-0.43,112.66,11.27
387,Entry long,2026-02-06 19:00:00,Long,70650,0.001,70.65,-0.31,-0.43,0,0.00,-0.3,-0.43,112.66,11.27
388,Exit long,2026-02-08 13:00:00,TP,71250,0.001,70.5,0.74,1.05,0.75,1.06,-0.003,0.00,113.41,11.34
388,Entry long,2026-02-08 11:00:00,Long,70500,0.001,70.5,0.74,1.05,0.75,1.06,-0.003,0.00,113.41,11.34
389,Exit long,2026-02-09 06:00:00,SL,70950,0.001,71.25,-0.31,-0.43,0,0.00,-0.3,-0.43,113.1,11.31
389,Entry long,2026-02-09 03:00:00,Long,71250,0.001,71.25,-0.31,-0.43,0,0.00,-0.3,-0.43,113.1,11.31
390,Exit long,2026-02-09 21:00:00,SL,70500,0.001,70.8,-0.31,-0.43,0,0.00,-0.3,-0.43,112.79,11.28
390,Entry long,2026-02-09 19:00:00,Long,70800,0.001,70.8,-0.31,-0.43,0,0.00,-0.3,-0.43,112.79,11.28
391,Exit long,2026-02-13 15:00:00,TP,68250,0.001,67.5,0.74,1.10,0.75,1.11,-0.003,0.00,113.54,11.35
391,Entry long,2026-02-13 14:00:00,Long,67500,0.001,67.5,0.74,1.10,0.75,1.11,-0.003,0.00,113.54,11.35
392,Exit long,2026-02-15 12:00:00,SL,70200,0.001,70.5,-0.31,-0.43,0.15,0.21,-0.3,-0.43,113.23,11.32
392,Entry long,2026-02-15 07:00:00,Long,70500,0.001,70.5,-0.31,-0.43,0.15,0.21,-0.3,-0.43,113.23,11.32
393,Exit long,2026-02-20 11:00:00,SL,67650,0.001,67.95,-0.31,-0.45,0.15,0.22,-0.3,-0.45,112.92,11.29
393,Entry long,2026-02-20 09:00:00,Long,67950,0.001,67.95,-0.31,-0.45,0.15,0.22,-0.3,-0.45,112.92,11.29
394,Exit long,2026-02-21 03:00:00,SL,67650,0.001,67.95,-0.31,-0.45,0.04,0.06,-0.3,-0.45,112.62,11.26
394,Entry long,2026-02-20 22:00:00,Long,67950,0.001,67.95,-0.31,-0.45,0.04,0.06,-0.3,-0.45,112.62,11.26
395,Exit long,2026-02-25 00:00:00,TP,65550,0.001,64.8,0.74,1.15,0.75,1.15,-0.003,0.00,113.36,11.34
395,Entry long,2026-02-25 00:00:00,Long,64800,0.001,64.8,0.74,1.15,0.75,1.15,-0.003,0.00,113.36,11.34
396,Exit long,2026-02-25 13:00:00,TP,66600,0.001,65.85,0.74,1.13,0.75,1.13,-0.003,0.00,114.11,11.41
396,Entry long,2026-02-25 11:00:00,Long,65850,0.001,65.85,0.74,1.13,0.75,1.13,-0.003,0.00,114.11,11.41
397,Exit long,2026-02-28 18:00:00,TP,66000,0.001,65.25,0.74,1.14,0.75,1.14,-0.003,0.00,114.85,11.49
397,Entry long,2026-02-28 16:00:00,Long,65250,0.001,65.25,0.74,1.14,0.75,1.14,-0.003,0.00,114.85,11.49
398,Exit long,2026-03-02 06:00:00,SL,66000,0.001,66.3,-0.31,-0.46,0.52,0.79,-0.3,-0.46,114.54,11.45
398,Entry long,2026-03-01 23:00:00,Long,66300,0.001,66.3,-0.31,-0.46,0.52,0.79,-0.3,-0.46,114.54,11.45
399,Exit long,2026-03-03 01:00:00,SL,68700,0.001,69,-0.31,-0.44,0,0.00,-0.3,-0.44,114.24,11.42
399,Entry long,2026-03-02 22:00:00,Long,69000,0.001,69,-0.31,-0.44,0,0.00,-0.3,-0.44,114.24,11.42
400,Exit long,2026-03-04 02:00:00,SL,67950,0.001,68.25,-0.31,-0.45,0.3,0.43,-0.3,-0.44,113.93,11.39
400,Entry long,2026-03-03 16:00:00,Long,68250,0.001,68.25,-0.31,-0.45,0.3,0.43,-0.3,-0.44,113.93,11.39
401,Exit long,2026-03-04 14:00:00,TP,72900,0.001,72.15,0.74,1.03,0.75,1.03,-0.003,0.00,114.68,11.47
401,Entry long,2026-03-04 14:00:00,Long,72150,0.001,72.15,0.74,1.03,0.75,1.03,-0.003,0.00,114.68,11.47
402,Exit long,2026-03-05 10:00:00,SL,73050,0.001,73.35,-0.31,-0.42,0,0.00,-0.3,-0.41,114.37,11.44
402,Entry long,2026-03-05 09:00:00,Long,73350,0.001,73.35,-0.31,-0.42,0,0.00,-0.3,-0.41,114.37,11.44
403,Exit long,2026-03-09 06:00:00,SL,67500,0.001,67.8,-0.31,-0.45,0,0.00,-0.3,-0.45,114.06,11.41
403,Entry long,2026-03-09 05:00:00,Long,67800,0.001,67.8,-0.31,-0.45,0,0.00,-0.3,-0.45,114.06,11.41
404,Exit long,2026-03-13 09:00:00,TP,71850,0.001,71.1,0.74,1.05,0.75,1.05,-0.003,0.00,114.81,11.48
404,Entry long,2026-03-13 00:00:00,Long,71100,0.001,71.1,0.74,1.05,0.75,1.05,-0.003,0.00,114.81,11.48
405,Exit long,2026-03-13 13:00:00,TP,72900,0.001,72.15,0.74,1.03,0.75,1.03,-0.003,0.00,115.55,11.55
405,Entry long,2026-03-13 10:00:00,Long,72150,0.001,72.15,0.74,1.03,0.75,1.03,-0.003,0.00,115.55,11.55
406,Exit long,2026-03-16 03:00:00,TP,72900,0.001,72.15,0.74,1.03,0.75,1.03,-0.003,0.00,116.29,11.63
406,Entry long,2026-03-15 22:00:00,Long,72150,0.001,72.15,0.74,1.03,0.75,1.03,-0.003,0.00,116.29,11.63
407,Exit long,2026-03-16 14:00:00,SL,73650,0.001,73.95,-0.31,-0.41,0,0.00,-0.3,-0.41,115.99,11.60
407,Entry long,2026-03-16 13:00:00,Long,73950,0.001,73.95,-0.31,-0.41,0,0.00,-0.3,-0.41,115.99,11.60
408,Exit long,2026-03-23 11:06:00,TP,69900,0.001,69.15,0.74,1.08,0.75,1.08,-0.003,0.00,116.73,11.67
408,Entry long,2026-03-23 11:05:00,Long,69150,0.001,69.15,0.74,1.08,0.75,1.08,-0.003,0.00,116.73,11.67
409,Exit long,2026-03-23 13:51:00,TP,71550,0.001,70.8,0.74,1.05,0.75,1.05,-0.24,-0.34,117.47,11.75
409,Entry long,2026-03-23 12:47:00,Long,70800,0.001,70.8,0.74,1.05,0.75,1.05,-0.24,-0.34,117.47,11.75
410,Exit long,2026-03-24 13:08:00,SL,70800,0.001,71.1,-0.31,-0.43,0.21,0.29,-0.3,-0.43,117.17,11.72
410,Entry long,2026-03-24 07:57:00,Long,71100,0.001,71.1,-0.31,-0.43,0.21,0.29,-0.3,-0.43,117.17,11.72
411,Exit long,2026-03-25 11:20:00,TP,71700,0.001,70.95,0.74,1.05,0.75,1.05,-0.17,-0.23,117.91,11.79
411,Entry long,2026-03-25 07:47:00,Long,70950,0.001,70.95,0.74,1.05,0.75,1.05,-0.17,-0.23,117.91,11.79
412,Exit long,2026-03-25 17:05:00,SL,71250,0.001,71.55,-0.31,-0.43,0.15,0.21,-0.3,-0.42,117.6,11.76
412,Entry long,2026-03-25 16:26:00,Long,71550,0.001,71.55,-0.31,-0.43,0.15,0.21,-0.3,-0.42,117.6,11.76